Copyright 1986-2022 Xilinx, Inc. All Rights Reserved. Copyright 2022-2025 Advanced Micro Devices, Inc. All Rights Reserved.
--------------------------------------------------------------------------------------------------------------------------------------------------
| Tool Version : Vivado v.2025.2 (lin64) Build 6299465 Fri Nov 14 12:34:56 MST 2025
| Date         : Sun May  3 16:55:51 2026
| Host         : ubuntu running 64-bit Ubuntu 22.04.5 LTS
| Command      : report_methodology -file fpga_methodology_drc_routed.rpt -pb fpga_methodology_drc_routed.pb -rpx fpga_methodology_drc_routed.rpx
| Design       : fpga
| Device       : xcu50-fsvh2104-2-e
| Speed File   : -2
| Design State : Fully Routed
--------------------------------------------------------------------------------------------------------------------------------------------------

Report Methodology

Table of Contents
-----------------
1. REPORT SUMMARY
2. REPORT DETAILS

1. REPORT SUMMARY
-----------------
            Netlist: netlist
          Floorplan: design_1
      Design limits: <entire design considered>
             Max checks: <unlimited>
             Checks found: 402
+----------+------------------+--------------------------------------------+--------+
| Rule     | Severity         | Description                                | Checks |
+----------+------------------+--------------------------------------------+--------+
| TIMING-7 | Critical Warning | No common node between related clocks      | 2      |
| DPIR-2   | Warning          | Asynchronous driver check                  | 332    |
| LUTAR-1  | Warning          | LUT drives async reset alert               | 6      |
| SYNTH-6  | Warning          | Timing of a RAM block might be sub-optimal | 37     |
| SYNTH-10 | Warning          | Wide multiplier                            | 10     |
| SYNTH-15 | Warning          | Byte wide write enable not inferred        | 4      |
| TIMING-9 | Warning          | Unknown CDC Logic                          | 1      |
| XDCH-2   | Warning          | Same min and max delay values on IO port   | 9      |
| CLKC-56  | Advisory         | MMCME4 with global clock driver has no LOC | 1      |
+----------+------------------+--------------------------------------------+--------+

2. REPORT DETAILS
-----------------
TIMING-7#1 Critical Warning
No common node between related clocks  
The clocks gtwiz_userclk_rx_srcclk_out[0] and gtwiz_userclk_tx_srcclk_out[0] are related (timed together) but they have no common node. The design could fail in hardware. To find a timing path between these clocks, run the following command: report_timing -from [get_clocks gtwiz_userclk_rx_srcclk_out[0]] -to [get_clocks gtwiz_userclk_tx_srcclk_out[0]]
Related violations: <none>

TIMING-7#2 Critical Warning
No common node between related clocks  
The clocks gtwiz_userclk_tx_srcclk_out[0] and gtwiz_userclk_rx_srcclk_out[0] are related (timed together) but they have no common node. The design could fail in hardware. To find a timing path between these clocks, run the following command: report_timing -from [get_clocks gtwiz_userclk_tx_srcclk_out[0]] -to [get_clocks gtwiz_userclk_rx_srcclk_out[0]]
Related violations: <none>

DPIR-2#1 Warning
Asynchronous driver check  
DSP core_inst/core_inst/core_pcie_inst/core_inst/app.app_block_inst/u_tiara_core/u_mp/u_alu/mul_pipe0 input pin core_inst/core_inst/core_pcie_inst/core_inst/app.app_block_inst/u_tiara_core/u_mp/u_alu/mul_pipe0/A[0] is connected to registers with an asynchronous reset. This is preventing the possibility of merging these registers in to the DSP Block since the DSP block registers only possess synchronous reset capability.  It is suggested to recode or change these registers to remove the reset or use a synchronous reset to get the best optimization for performance, power and area.
Related violations: <none>

DPIR-2#2 Warning
Asynchronous driver check  
DSP core_inst/core_inst/core_pcie_inst/core_inst/app.app_block_inst/u_tiara_core/u_mp/u_alu/mul_pipe0 input pin core_inst/core_inst/core_pcie_inst/core_inst/app.app_block_inst/u_tiara_core/u_mp/u_alu/mul_pipe0/A[10] is connected to registers with an asynchronous reset. This is preventing the possibility of merging these registers in to the DSP Block since the DSP block registers only possess synchronous reset capability.  It is suggested to recode or change these registers to remove the reset or use a synchronous reset to get the best optimization for performance, power and area.
Related violations: <none>

DPIR-2#3 Warning
Asynchronous driver check  
DSP core_inst/core_inst/core_pcie_inst/core_inst/app.app_block_inst/u_tiara_core/u_mp/u_alu/mul_pipe0 input pin core_inst/core_inst/core_pcie_inst/core_inst/app.app_block_inst/u_tiara_core/u_mp/u_alu/mul_pipe0/A[11] is connected to registers with an asynchronous reset. This is preventing the possibility of merging these registers in to the DSP Block since the DSP block registers only possess synchronous reset capability.  It is suggested to recode or change these registers to remove the reset or use a synchronous reset to get the best optimization for performance, power and area.
Related violations: <none>

DPIR-2#4 Warning
Asynchronous driver check  
DSP core_inst/core_inst/core_pcie_inst/core_inst/app.app_block_inst/u_tiara_core/u_mp/u_alu/mul_pipe0 input pin core_inst/core_inst/core_pcie_inst/core_inst/app.app_block_inst/u_tiara_core/u_mp/u_alu/mul_pipe0/A[12] is connected to registers with an asynchronous reset. This is preventing the possibility of merging these registers in to the DSP Block since the DSP block registers only possess synchronous reset capability.  It is suggested to recode or change these registers to remove the reset or use a synchronous reset to get the best optimization for performance, power and area.
Related violations: <none>

DPIR-2#5 Warning
Asynchronous driver check  
DSP core_inst/core_inst/core_pcie_inst/core_inst/app.app_block_inst/u_tiara_core/u_mp/u_alu/mul_pipe0 input pin core_inst/core_inst/core_pcie_inst/core_inst/app.app_block_inst/u_tiara_core/u_mp/u_alu/mul_pipe0/A[13] is connected to registers with an asynchronous reset. This is preventing the possibility of merging these registers in to the DSP Block since the DSP block registers only possess synchronous reset capability.  It is suggested to recode or change these registers to remove the reset or use a synchronous reset to get the best optimization for performance, power and area.
Related violations: <none>

DPIR-2#6 Warning
Asynchronous driver check  
DSP core_inst/core_inst/core_pcie_inst/core_inst/app.app_block_inst/u_tiara_core/u_mp/u_alu/mul_pipe0 input pin core_inst/core_inst/core_pcie_inst/core_inst/app.app_block_inst/u_tiara_core/u_mp/u_alu/mul_pipe0/A[14] is connected to registers with an asynchronous reset. This is preventing the possibility of merging these registers in to the DSP Block since the DSP block registers only possess synchronous reset capability.  It is suggested to recode or change these registers to remove the reset or use a synchronous reset to get the best optimization for performance, power and area.
Related violations: <none>

DPIR-2#7 Warning
Asynchronous driver check  
DSP core_inst/core_inst/core_pcie_inst/core_inst/app.app_block_inst/u_tiara_core/u_mp/u_alu/mul_pipe0 input pin core_inst/core_inst/core_pcie_inst/core_inst/app.app_block_inst/u_tiara_core/u_mp/u_alu/mul_pipe0/A[15] is connected to registers with an asynchronous reset. This is preventing the possibility of merging these registers in to the DSP Block since the DSP block registers only possess synchronous reset capability.  It is suggested to recode or change these registers to remove the reset or use a synchronous reset to get the best optimization for performance, power and area.
Related violations: <none>

DPIR-2#8 Warning
Asynchronous driver check  
DSP core_inst/core_inst/core_pcie_inst/core_inst/app.app_block_inst/u_tiara_core/u_mp/u_alu/mul_pipe0 input pin core_inst/core_inst/core_pcie_inst/core_inst/app.app_block_inst/u_tiara_core/u_mp/u_alu/mul_pipe0/A[16] is connected to registers with an asynchronous reset. This is preventing the possibility of merging these registers in to the DSP Block since the DSP block registers only possess synchronous reset capability.  It is suggested to recode or change these registers to remove the reset or use a synchronous reset to get the best optimization for performance, power and area.
Related violations: <none>

DPIR-2#9 Warning
Asynchronous driver check  
DSP core_inst/core_inst/core_pcie_inst/core_inst/app.app_block_inst/u_tiara_core/u_mp/u_alu/mul_pipe0 input pin core_inst/core_inst/core_pcie_inst/core_inst/app.app_block_inst/u_tiara_core/u_mp/u_alu/mul_pipe0/A[1] is connected to registers with an asynchronous reset. This is preventing the possibility of merging these registers in to the DSP Block since the DSP block registers only possess synchronous reset capability.  It is suggested to recode or change these registers to remove the reset or use a synchronous reset to get the best optimization for performance, power and area.
Related violations: <none>

DPIR-2#10 Warning
Asynchronous driver check  
DSP core_inst/core_inst/core_pcie_inst/core_inst/app.app_block_inst/u_tiara_core/u_mp/u_alu/mul_pipe0 input pin core_inst/core_inst/core_pcie_inst/core_inst/app.app_block_inst/u_tiara_core/u_mp/u_alu/mul_pipe0/A[2] is connected to registers with an asynchronous reset. This is preventing the possibility of merging these registers in to the DSP Block since the DSP block registers only possess synchronous reset capability.  It is suggested to recode or change these registers to remove the reset or use a synchronous reset to get the best optimization for performance, power and area.
Related violations: <none>

DPIR-2#11 Warning
Asynchronous driver check  
DSP core_inst/core_inst/core_pcie_inst/core_inst/app.app_block_inst/u_tiara_core/u_mp/u_alu/mul_pipe0 input pin core_inst/core_inst/core_pcie_inst/core_inst/app.app_block_inst/u_tiara_core/u_mp/u_alu/mul_pipe0/A[3] is connected to registers with an asynchronous reset. This is preventing the possibility of merging these registers in to the DSP Block since the DSP block registers only possess synchronous reset capability.  It is suggested to recode or change these registers to remove the reset or use a synchronous reset to get the best optimization for performance, power and area.
Related violations: <none>

DPIR-2#12 Warning
Asynchronous driver check  
DSP core_inst/core_inst/core_pcie_inst/core_inst/app.app_block_inst/u_tiara_core/u_mp/u_alu/mul_pipe0 input pin core_inst/core_inst/core_pcie_inst/core_inst/app.app_block_inst/u_tiara_core/u_mp/u_alu/mul_pipe0/A[4] is connected to registers with an asynchronous reset. This is preventing the possibility of merging these registers in to the DSP Block since the DSP block registers only possess synchronous reset capability.  It is suggested to recode or change these registers to remove the reset or use a synchronous reset to get the best optimization for performance, power and area.
Related violations: <none>

DPIR-2#13 Warning
Asynchronous driver check  
DSP core_inst/core_inst/core_pcie_inst/core_inst/app.app_block_inst/u_tiara_core/u_mp/u_alu/mul_pipe0 input pin core_inst/core_inst/core_pcie_inst/core_inst/app.app_block_inst/u_tiara_core/u_mp/u_alu/mul_pipe0/A[5] is connected to registers with an asynchronous reset. This is preventing the possibility of merging these registers in to the DSP Block since the DSP block registers only possess synchronous reset capability.  It is suggested to recode or change these registers to remove the reset or use a synchronous reset to get the best optimization for performance, power and area.
Related violations: <none>

DPIR-2#14 Warning
Asynchronous driver check  
DSP core_inst/core_inst/core_pcie_inst/core_inst/app.app_block_inst/u_tiara_core/u_mp/u_alu/mul_pipe0 input pin core_inst/core_inst/core_pcie_inst/core_inst/app.app_block_inst/u_tiara_core/u_mp/u_alu/mul_pipe0/A[6] is connected to registers with an asynchronous reset. This is preventing the possibility of merging these registers in to the DSP Block since the DSP block registers only possess synchronous reset capability.  It is suggested to recode or change these registers to remove the reset or use a synchronous reset to get the best optimization for performance, power and area.
Related violations: <none>

DPIR-2#15 Warning
Asynchronous driver check  
DSP core_inst/core_inst/core_pcie_inst/core_inst/app.app_block_inst/u_tiara_core/u_mp/u_alu/mul_pipe0 input pin core_inst/core_inst/core_pcie_inst/core_inst/app.app_block_inst/u_tiara_core/u_mp/u_alu/mul_pipe0/A[7] is connected to registers with an asynchronous reset. This is preventing the possibility of merging these registers in to the DSP Block since the DSP block registers only possess synchronous reset capability.  It is suggested to recode or change these registers to remove the reset or use a synchronous reset to get the best optimization for performance, power and area.
Related violations: <none>

DPIR-2#16 Warning
Asynchronous driver check  
DSP core_inst/core_inst/core_pcie_inst/core_inst/app.app_block_inst/u_tiara_core/u_mp/u_alu/mul_pipe0 input pin core_inst/core_inst/core_pcie_inst/core_inst/app.app_block_inst/u_tiara_core/u_mp/u_alu/mul_pipe0/A[8] is connected to registers with an asynchronous reset. This is preventing the possibility of merging these registers in to the DSP Block since the DSP block registers only possess synchronous reset capability.  It is suggested to recode or change these registers to remove the reset or use a synchronous reset to get the best optimization for performance, power and area.
Related violations: <none>

DPIR-2#17 Warning
Asynchronous driver check  
DSP core_inst/core_inst/core_pcie_inst/core_inst/app.app_block_inst/u_tiara_core/u_mp/u_alu/mul_pipe0 input pin core_inst/core_inst/core_pcie_inst/core_inst/app.app_block_inst/u_tiara_core/u_mp/u_alu/mul_pipe0/A[9] is connected to registers with an asynchronous reset. This is preventing the possibility of merging these registers in to the DSP Block since the DSP block registers only possess synchronous reset capability.  It is suggested to recode or change these registers to remove the reset or use a synchronous reset to get the best optimization for performance, power and area.
Related violations: <none>

DPIR-2#18 Warning
Asynchronous driver check  
DSP core_inst/core_inst/core_pcie_inst/core_inst/app.app_block_inst/u_tiara_core/u_mp/u_alu/mul_pipe0 input pin core_inst/core_inst/core_pcie_inst/core_inst/app.app_block_inst/u_tiara_core/u_mp/u_alu/mul_pipe0/B[0] is connected to registers with an asynchronous reset. This is preventing the possibility of merging these registers in to the DSP Block since the DSP block registers only possess synchronous reset capability.  It is suggested to recode or change these registers to remove the reset or use a synchronous reset to get the best optimization for performance, power and area.
Related violations: <none>

DPIR-2#19 Warning
Asynchronous driver check  
DSP core_inst/core_inst/core_pcie_inst/core_inst/app.app_block_inst/u_tiara_core/u_mp/u_alu/mul_pipe0 input pin core_inst/core_inst/core_pcie_inst/core_inst/app.app_block_inst/u_tiara_core/u_mp/u_alu/mul_pipe0/B[10] is connected to registers with an asynchronous reset. This is preventing the possibility of merging these registers in to the DSP Block since the DSP block registers only possess synchronous reset capability.  It is suggested to recode or change these registers to remove the reset or use a synchronous reset to get the best optimization for performance, power and area.
Related violations: <none>

DPIR-2#20 Warning
Asynchronous driver check  
DSP core_inst/core_inst/core_pcie_inst/core_inst/app.app_block_inst/u_tiara_core/u_mp/u_alu/mul_pipe0 input pin core_inst/core_inst/core_pcie_inst/core_inst/app.app_block_inst/u_tiara_core/u_mp/u_alu/mul_pipe0/B[11] is connected to registers with an asynchronous reset. This is preventing the possibility of merging these registers in to the DSP Block since the DSP block registers only possess synchronous reset capability.  It is suggested to recode or change these registers to remove the reset or use a synchronous reset to get the best optimization for performance, power and area.
Related violations: <none>

DPIR-2#21 Warning
Asynchronous driver check  
DSP core_inst/core_inst/core_pcie_inst/core_inst/app.app_block_inst/u_tiara_core/u_mp/u_alu/mul_pipe0 input pin core_inst/core_inst/core_pcie_inst/core_inst/app.app_block_inst/u_tiara_core/u_mp/u_alu/mul_pipe0/B[12] is connected to registers with an asynchronous reset. This is preventing the possibility of merging these registers in to the DSP Block since the DSP block registers only possess synchronous reset capability.  It is suggested to recode or change these registers to remove the reset or use a synchronous reset to get the best optimization for performance, power and area.
Related violations: <none>

DPIR-2#22 Warning
Asynchronous driver check  
DSP core_inst/core_inst/core_pcie_inst/core_inst/app.app_block_inst/u_tiara_core/u_mp/u_alu/mul_pipe0 input pin core_inst/core_inst/core_pcie_inst/core_inst/app.app_block_inst/u_tiara_core/u_mp/u_alu/mul_pipe0/B[13] is connected to registers with an asynchronous reset. This is preventing the possibility of merging these registers in to the DSP Block since the DSP block registers only possess synchronous reset capability.  It is suggested to recode or change these registers to remove the reset or use a synchronous reset to get the best optimization for performance, power and area.
Related violations: <none>

DPIR-2#23 Warning
Asynchronous driver check  
DSP core_inst/core_inst/core_pcie_inst/core_inst/app.app_block_inst/u_tiara_core/u_mp/u_alu/mul_pipe0 input pin core_inst/core_inst/core_pcie_inst/core_inst/app.app_block_inst/u_tiara_core/u_mp/u_alu/mul_pipe0/B[14] is connected to registers with an asynchronous reset. This is preventing the possibility of merging these registers in to the DSP Block since the DSP block registers only possess synchronous reset capability.  It is suggested to recode or change these registers to remove the reset or use a synchronous reset to get the best optimization for performance, power and area.
Related violations: <none>

DPIR-2#24 Warning
Asynchronous driver check  
DSP core_inst/core_inst/core_pcie_inst/core_inst/app.app_block_inst/u_tiara_core/u_mp/u_alu/mul_pipe0 input pin core_inst/core_inst/core_pcie_inst/core_inst/app.app_block_inst/u_tiara_core/u_mp/u_alu/mul_pipe0/B[15] is connected to registers with an asynchronous reset. This is preventing the possibility of merging these registers in to the DSP Block since the DSP block registers only possess synchronous reset capability.  It is suggested to recode or change these registers to remove the reset or use a synchronous reset to get the best optimization for performance, power and area.
Related violations: <none>

DPIR-2#25 Warning
Asynchronous driver check  
DSP core_inst/core_inst/core_pcie_inst/core_inst/app.app_block_inst/u_tiara_core/u_mp/u_alu/mul_pipe0 input pin core_inst/core_inst/core_pcie_inst/core_inst/app.app_block_inst/u_tiara_core/u_mp/u_alu/mul_pipe0/B[16] is connected to registers with an asynchronous reset. This is preventing the possibility of merging these registers in to the DSP Block since the DSP block registers only possess synchronous reset capability.  It is suggested to recode or change these registers to remove the reset or use a synchronous reset to get the best optimization for performance, power and area.
Related violations: <none>

DPIR-2#26 Warning
Asynchronous driver check  
DSP core_inst/core_inst/core_pcie_inst/core_inst/app.app_block_inst/u_tiara_core/u_mp/u_alu/mul_pipe0 input pin core_inst/core_inst/core_pcie_inst/core_inst/app.app_block_inst/u_tiara_core/u_mp/u_alu/mul_pipe0/B[1] is connected to registers with an asynchronous reset. This is preventing the possibility of merging these registers in to the DSP Block since the DSP block registers only possess synchronous reset capability.  It is suggested to recode or change these registers to remove the reset or use a synchronous reset to get the best optimization for performance, power and area.
Related violations: <none>

DPIR-2#27 Warning
Asynchronous driver check  
DSP core_inst/core_inst/core_pcie_inst/core_inst/app.app_block_inst/u_tiara_core/u_mp/u_alu/mul_pipe0 input pin core_inst/core_inst/core_pcie_inst/core_inst/app.app_block_inst/u_tiara_core/u_mp/u_alu/mul_pipe0/B[2] is connected to registers with an asynchronous reset. This is preventing the possibility of merging these registers in to the DSP Block since the DSP block registers only possess synchronous reset capability.  It is suggested to recode or change these registers to remove the reset or use a synchronous reset to get the best optimization for performance, power and area.
Related violations: <none>

DPIR-2#28 Warning
Asynchronous driver check  
DSP core_inst/core_inst/core_pcie_inst/core_inst/app.app_block_inst/u_tiara_core/u_mp/u_alu/mul_pipe0 input pin core_inst/core_inst/core_pcie_inst/core_inst/app.app_block_inst/u_tiara_core/u_mp/u_alu/mul_pipe0/B[3] is connected to registers with an asynchronous reset. This is preventing the possibility of merging these registers in to the DSP Block since the DSP block registers only possess synchronous reset capability.  It is suggested to recode or change these registers to remove the reset or use a synchronous reset to get the best optimization for performance, power and area.
Related violations: <none>

DPIR-2#29 Warning
Asynchronous driver check  
DSP core_inst/core_inst/core_pcie_inst/core_inst/app.app_block_inst/u_tiara_core/u_mp/u_alu/mul_pipe0 input pin core_inst/core_inst/core_pcie_inst/core_inst/app.app_block_inst/u_tiara_core/u_mp/u_alu/mul_pipe0/B[4] is connected to registers with an asynchronous reset. This is preventing the possibility of merging these registers in to the DSP Block since the DSP block registers only possess synchronous reset capability.  It is suggested to recode or change these registers to remove the reset or use a synchronous reset to get the best optimization for performance, power and area.
Related violations: <none>

DPIR-2#30 Warning
Asynchronous driver check  
DSP core_inst/core_inst/core_pcie_inst/core_inst/app.app_block_inst/u_tiara_core/u_mp/u_alu/mul_pipe0 input pin core_inst/core_inst/core_pcie_inst/core_inst/app.app_block_inst/u_tiara_core/u_mp/u_alu/mul_pipe0/B[5] is connected to registers with an asynchronous reset. This is preventing the possibility of merging these registers in to the DSP Block since the DSP block registers only possess synchronous reset capability.  It is suggested to recode or change these registers to remove the reset or use a synchronous reset to get the best optimization for performance, power and area.
Related violations: <none>

DPIR-2#31 Warning
Asynchronous driver check  
DSP core_inst/core_inst/core_pcie_inst/core_inst/app.app_block_inst/u_tiara_core/u_mp/u_alu/mul_pipe0 input pin core_inst/core_inst/core_pcie_inst/core_inst/app.app_block_inst/u_tiara_core/u_mp/u_alu/mul_pipe0/B[6] is connected to registers with an asynchronous reset. This is preventing the possibility of merging these registers in to the DSP Block since the DSP block registers only possess synchronous reset capability.  It is suggested to recode or change these registers to remove the reset or use a synchronous reset to get the best optimization for performance, power and area.
Related violations: <none>

DPIR-2#32 Warning
Asynchronous driver check  
DSP core_inst/core_inst/core_pcie_inst/core_inst/app.app_block_inst/u_tiara_core/u_mp/u_alu/mul_pipe0 input pin core_inst/core_inst/core_pcie_inst/core_inst/app.app_block_inst/u_tiara_core/u_mp/u_alu/mul_pipe0/B[7] is connected to registers with an asynchronous reset. This is preventing the possibility of merging these registers in to the DSP Block since the DSP block registers only possess synchronous reset capability.  It is suggested to recode or change these registers to remove the reset or use a synchronous reset to get the best optimization for performance, power and area.
Related violations: <none>

DPIR-2#33 Warning
Asynchronous driver check  
DSP core_inst/core_inst/core_pcie_inst/core_inst/app.app_block_inst/u_tiara_core/u_mp/u_alu/mul_pipe0 input pin core_inst/core_inst/core_pcie_inst/core_inst/app.app_block_inst/u_tiara_core/u_mp/u_alu/mul_pipe0/B[8] is connected to registers with an asynchronous reset. This is preventing the possibility of merging these registers in to the DSP Block since the DSP block registers only possess synchronous reset capability.  It is suggested to recode or change these registers to remove the reset or use a synchronous reset to get the best optimization for performance, power and area.
Related violations: <none>

DPIR-2#34 Warning
Asynchronous driver check  
DSP core_inst/core_inst/core_pcie_inst/core_inst/app.app_block_inst/u_tiara_core/u_mp/u_alu/mul_pipe0 input pin core_inst/core_inst/core_pcie_inst/core_inst/app.app_block_inst/u_tiara_core/u_mp/u_alu/mul_pipe0/B[9] is connected to registers with an asynchronous reset. This is preventing the possibility of merging these registers in to the DSP Block since the DSP block registers only possess synchronous reset capability.  It is suggested to recode or change these registers to remove the reset or use a synchronous reset to get the best optimization for performance, power and area.
Related violations: <none>

DPIR-2#35 Warning
Asynchronous driver check  
DSP core_inst/core_inst/core_pcie_inst/core_inst/app.app_block_inst/u_tiara_core/u_mp/u_alu/mul_pipe0__0 input pin core_inst/core_inst/core_pcie_inst/core_inst/app.app_block_inst/u_tiara_core/u_mp/u_alu/mul_pipe0__0/A[0] is connected to registers with an asynchronous reset. This is preventing the possibility of merging these registers in to the DSP Block since the DSP block registers only possess synchronous reset capability.  It is suggested to recode or change these registers to remove the reset or use a synchronous reset to get the best optimization for performance, power and area.
Related violations: <none>

DPIR-2#36 Warning
Asynchronous driver check  
DSP core_inst/core_inst/core_pcie_inst/core_inst/app.app_block_inst/u_tiara_core/u_mp/u_alu/mul_pipe0__0 input pin core_inst/core_inst/core_pcie_inst/core_inst/app.app_block_inst/u_tiara_core/u_mp/u_alu/mul_pipe0__0/A[10] is connected to registers with an asynchronous reset. This is preventing the possibility of merging these registers in to the DSP Block since the DSP block registers only possess synchronous reset capability.  It is suggested to recode or change these registers to remove the reset or use a synchronous reset to get the best optimization for performance, power and area.
Related violations: <none>

DPIR-2#37 Warning
Asynchronous driver check  
DSP core_inst/core_inst/core_pcie_inst/core_inst/app.app_block_inst/u_tiara_core/u_mp/u_alu/mul_pipe0__0 input pin core_inst/core_inst/core_pcie_inst/core_inst/app.app_block_inst/u_tiara_core/u_mp/u_alu/mul_pipe0__0/A[11] is connected to registers with an asynchronous reset. This is preventing the possibility of merging these registers in to the DSP Block since the DSP block registers only possess synchronous reset capability.  It is suggested to recode or change these registers to remove the reset or use a synchronous reset to get the best optimization for performance, power and area.
Related violations: <none>

DPIR-2#38 Warning
Asynchronous driver check  
DSP core_inst/core_inst/core_pcie_inst/core_inst/app.app_block_inst/u_tiara_core/u_mp/u_alu/mul_pipe0__0 input pin core_inst/core_inst/core_pcie_inst/core_inst/app.app_block_inst/u_tiara_core/u_mp/u_alu/mul_pipe0__0/A[12] is connected to registers with an asynchronous reset. This is preventing the possibility of merging these registers in to the DSP Block since the DSP block registers only possess synchronous reset capability.  It is suggested to recode or change these registers to remove the reset or use a synchronous reset to get the best optimization for performance, power and area.
Related violations: <none>

DPIR-2#39 Warning
Asynchronous driver check  
DSP core_inst/core_inst/core_pcie_inst/core_inst/app.app_block_inst/u_tiara_core/u_mp/u_alu/mul_pipe0__0 input pin core_inst/core_inst/core_pcie_inst/core_inst/app.app_block_inst/u_tiara_core/u_mp/u_alu/mul_pipe0__0/A[13] is connected to registers with an asynchronous reset. This is preventing the possibility of merging these registers in to the DSP Block since the DSP block registers only possess synchronous reset capability.  It is suggested to recode or change these registers to remove the reset or use a synchronous reset to get the best optimization for performance, power and area.
Related violations: <none>

DPIR-2#40 Warning
Asynchronous driver check  
DSP core_inst/core_inst/core_pcie_inst/core_inst/app.app_block_inst/u_tiara_core/u_mp/u_alu/mul_pipe0__0 input pin core_inst/core_inst/core_pcie_inst/core_inst/app.app_block_inst/u_tiara_core/u_mp/u_alu/mul_pipe0__0/A[14] is connected to registers with an asynchronous reset. This is preventing the possibility of merging these registers in to the DSP Block since the DSP block registers only possess synchronous reset capability.  It is suggested to recode or change these registers to remove the reset or use a synchronous reset to get the best optimization for performance, power and area.
Related violations: <none>

DPIR-2#41 Warning
Asynchronous driver check  
DSP core_inst/core_inst/core_pcie_inst/core_inst/app.app_block_inst/u_tiara_core/u_mp/u_alu/mul_pipe0__0 input pin core_inst/core_inst/core_pcie_inst/core_inst/app.app_block_inst/u_tiara_core/u_mp/u_alu/mul_pipe0__0/A[15] is connected to registers with an asynchronous reset. This is preventing the possibility of merging these registers in to the DSP Block since the DSP block registers only possess synchronous reset capability.  It is suggested to recode or change these registers to remove the reset or use a synchronous reset to get the best optimization for performance, power and area.
Related violations: <none>

DPIR-2#42 Warning
Asynchronous driver check  
DSP core_inst/core_inst/core_pcie_inst/core_inst/app.app_block_inst/u_tiara_core/u_mp/u_alu/mul_pipe0__0 input pin core_inst/core_inst/core_pcie_inst/core_inst/app.app_block_inst/u_tiara_core/u_mp/u_alu/mul_pipe0__0/A[16] is connected to registers with an asynchronous reset. This is preventing the possibility of merging these registers in to the DSP Block since the DSP block registers only possess synchronous reset capability.  It is suggested to recode or change these registers to remove the reset or use a synchronous reset to get the best optimization for performance, power and area.
Related violations: <none>

DPIR-2#43 Warning
Asynchronous driver check  
DSP core_inst/core_inst/core_pcie_inst/core_inst/app.app_block_inst/u_tiara_core/u_mp/u_alu/mul_pipe0__0 input pin core_inst/core_inst/core_pcie_inst/core_inst/app.app_block_inst/u_tiara_core/u_mp/u_alu/mul_pipe0__0/A[1] is connected to registers with an asynchronous reset. This is preventing the possibility of merging these registers in to the DSP Block since the DSP block registers only possess synchronous reset capability.  It is suggested to recode or change these registers to remove the reset or use a synchronous reset to get the best optimization for performance, power and area.
Related violations: <none>

DPIR-2#44 Warning
Asynchronous driver check  
DSP core_inst/core_inst/core_pcie_inst/core_inst/app.app_block_inst/u_tiara_core/u_mp/u_alu/mul_pipe0__0 input pin core_inst/core_inst/core_pcie_inst/core_inst/app.app_block_inst/u_tiara_core/u_mp/u_alu/mul_pipe0__0/A[2] is connected to registers with an asynchronous reset. This is preventing the possibility of merging these registers in to the DSP Block since the DSP block registers only possess synchronous reset capability.  It is suggested to recode or change these registers to remove the reset or use a synchronous reset to get the best optimization for performance, power and area.
Related violations: <none>

DPIR-2#45 Warning
Asynchronous driver check  
DSP core_inst/core_inst/core_pcie_inst/core_inst/app.app_block_inst/u_tiara_core/u_mp/u_alu/mul_pipe0__0 input pin core_inst/core_inst/core_pcie_inst/core_inst/app.app_block_inst/u_tiara_core/u_mp/u_alu/mul_pipe0__0/A[3] is connected to registers with an asynchronous reset. This is preventing the possibility of merging these registers in to the DSP Block since the DSP block registers only possess synchronous reset capability.  It is suggested to recode or change these registers to remove the reset or use a synchronous reset to get the best optimization for performance, power and area.
Related violations: <none>

DPIR-2#46 Warning
Asynchronous driver check  
DSP core_inst/core_inst/core_pcie_inst/core_inst/app.app_block_inst/u_tiara_core/u_mp/u_alu/mul_pipe0__0 input pin core_inst/core_inst/core_pcie_inst/core_inst/app.app_block_inst/u_tiara_core/u_mp/u_alu/mul_pipe0__0/A[4] is connected to registers with an asynchronous reset. This is preventing the possibility of merging these registers in to the DSP Block since the DSP block registers only possess synchronous reset capability.  It is suggested to recode or change these registers to remove the reset or use a synchronous reset to get the best optimization for performance, power and area.
Related violations: <none>

DPIR-2#47 Warning
Asynchronous driver check  
DSP core_inst/core_inst/core_pcie_inst/core_inst/app.app_block_inst/u_tiara_core/u_mp/u_alu/mul_pipe0__0 input pin core_inst/core_inst/core_pcie_inst/core_inst/app.app_block_inst/u_tiara_core/u_mp/u_alu/mul_pipe0__0/A[5] is connected to registers with an asynchronous reset. This is preventing the possibility of merging these registers in to the DSP Block since the DSP block registers only possess synchronous reset capability.  It is suggested to recode or change these registers to remove the reset or use a synchronous reset to get the best optimization for performance, power and area.
Related violations: <none>

DPIR-2#48 Warning
Asynchronous driver check  
DSP core_inst/core_inst/core_pcie_inst/core_inst/app.app_block_inst/u_tiara_core/u_mp/u_alu/mul_pipe0__0 input pin core_inst/core_inst/core_pcie_inst/core_inst/app.app_block_inst/u_tiara_core/u_mp/u_alu/mul_pipe0__0/A[6] is connected to registers with an asynchronous reset. This is preventing the possibility of merging these registers in to the DSP Block since the DSP block registers only possess synchronous reset capability.  It is suggested to recode or change these registers to remove the reset or use a synchronous reset to get the best optimization for performance, power and area.
Related violations: <none>

DPIR-2#49 Warning
Asynchronous driver check  
DSP core_inst/core_inst/core_pcie_inst/core_inst/app.app_block_inst/u_tiara_core/u_mp/u_alu/mul_pipe0__0 input pin core_inst/core_inst/core_pcie_inst/core_inst/app.app_block_inst/u_tiara_core/u_mp/u_alu/mul_pipe0__0/A[7] is connected to registers with an asynchronous reset. This is preventing the possibility of merging these registers in to the DSP Block since the DSP block registers only possess synchronous reset capability.  It is suggested to recode or change these registers to remove the reset or use a synchronous reset to get the best optimization for performance, power and area.
Related violations: <none>

DPIR-2#50 Warning
Asynchronous driver check  
DSP core_inst/core_inst/core_pcie_inst/core_inst/app.app_block_inst/u_tiara_core/u_mp/u_alu/mul_pipe0__0 input pin core_inst/core_inst/core_pcie_inst/core_inst/app.app_block_inst/u_tiara_core/u_mp/u_alu/mul_pipe0__0/A[8] is connected to registers with an asynchronous reset. This is preventing the possibility of merging these registers in to the DSP Block since the DSP block registers only possess synchronous reset capability.  It is suggested to recode or change these registers to remove the reset or use a synchronous reset to get the best optimization for performance, power and area.
Related violations: <none>

DPIR-2#51 Warning
Asynchronous driver check  
DSP core_inst/core_inst/core_pcie_inst/core_inst/app.app_block_inst/u_tiara_core/u_mp/u_alu/mul_pipe0__0 input pin core_inst/core_inst/core_pcie_inst/core_inst/app.app_block_inst/u_tiara_core/u_mp/u_alu/mul_pipe0__0/A[9] is connected to registers with an asynchronous reset. This is preventing the possibility of merging these registers in to the DSP Block since the DSP block registers only possess synchronous reset capability.  It is suggested to recode or change these registers to remove the reset or use a synchronous reset to get the best optimization for performance, power and area.
Related violations: <none>

DPIR-2#52 Warning
Asynchronous driver check  
DSP core_inst/core_inst/core_pcie_inst/core_inst/app.app_block_inst/u_tiara_core/u_mp/u_alu/mul_pipe0__0 input pin core_inst/core_inst/core_pcie_inst/core_inst/app.app_block_inst/u_tiara_core/u_mp/u_alu/mul_pipe0__0/B[0] is connected to registers with an asynchronous reset. This is preventing the possibility of merging these registers in to the DSP Block since the DSP block registers only possess synchronous reset capability.  It is suggested to recode or change these registers to remove the reset or use a synchronous reset to get the best optimization for performance, power and area.
Related violations: <none>

DPIR-2#53 Warning
Asynchronous driver check  
DSP core_inst/core_inst/core_pcie_inst/core_inst/app.app_block_inst/u_tiara_core/u_mp/u_alu/mul_pipe0__0 input pin core_inst/core_inst/core_pcie_inst/core_inst/app.app_block_inst/u_tiara_core/u_mp/u_alu/mul_pipe0__0/B[10] is connected to registers with an asynchronous reset. This is preventing the possibility of merging these registers in to the DSP Block since the DSP block registers only possess synchronous reset capability.  It is suggested to recode or change these registers to remove the reset or use a synchronous reset to get the best optimization for performance, power and area.
Related violations: <none>

DPIR-2#54 Warning
Asynchronous driver check  
DSP core_inst/core_inst/core_pcie_inst/core_inst/app.app_block_inst/u_tiara_core/u_mp/u_alu/mul_pipe0__0 input pin core_inst/core_inst/core_pcie_inst/core_inst/app.app_block_inst/u_tiara_core/u_mp/u_alu/mul_pipe0__0/B[11] is connected to registers with an asynchronous reset. This is preventing the possibility of merging these registers in to the DSP Block since the DSP block registers only possess synchronous reset capability.  It is suggested to recode or change these registers to remove the reset or use a synchronous reset to get the best optimization for performance, power and area.
Related violations: <none>

DPIR-2#55 Warning
Asynchronous driver check  
DSP core_inst/core_inst/core_pcie_inst/core_inst/app.app_block_inst/u_tiara_core/u_mp/u_alu/mul_pipe0__0 input pin core_inst/core_inst/core_pcie_inst/core_inst/app.app_block_inst/u_tiara_core/u_mp/u_alu/mul_pipe0__0/B[12] is connected to registers with an asynchronous reset. This is preventing the possibility of merging these registers in to the DSP Block since the DSP block registers only possess synchronous reset capability.  It is suggested to recode or change these registers to remove the reset or use a synchronous reset to get the best optimization for performance, power and area.
Related violations: <none>

DPIR-2#56 Warning
Asynchronous driver check  
DSP core_inst/core_inst/core_pcie_inst/core_inst/app.app_block_inst/u_tiara_core/u_mp/u_alu/mul_pipe0__0 input pin core_inst/core_inst/core_pcie_inst/core_inst/app.app_block_inst/u_tiara_core/u_mp/u_alu/mul_pipe0__0/B[1] is connected to registers with an asynchronous reset. This is preventing the possibility of merging these registers in to the DSP Block since the DSP block registers only possess synchronous reset capability.  It is suggested to recode or change these registers to remove the reset or use a synchronous reset to get the best optimization for performance, power and area.
Related violations: <none>

DPIR-2#57 Warning
Asynchronous driver check  
DSP core_inst/core_inst/core_pcie_inst/core_inst/app.app_block_inst/u_tiara_core/u_mp/u_alu/mul_pipe0__0 input pin core_inst/core_inst/core_pcie_inst/core_inst/app.app_block_inst/u_tiara_core/u_mp/u_alu/mul_pipe0__0/B[2] is connected to registers with an asynchronous reset. This is preventing the possibility of merging these registers in to the DSP Block since the DSP block registers only possess synchronous reset capability.  It is suggested to recode or change these registers to remove the reset or use a synchronous reset to get the best optimization for performance, power and area.
Related violations: <none>

DPIR-2#58 Warning
Asynchronous driver check  
DSP core_inst/core_inst/core_pcie_inst/core_inst/app.app_block_inst/u_tiara_core/u_mp/u_alu/mul_pipe0__0 input pin core_inst/core_inst/core_pcie_inst/core_inst/app.app_block_inst/u_tiara_core/u_mp/u_alu/mul_pipe0__0/B[3] is connected to registers with an asynchronous reset. This is preventing the possibility of merging these registers in to the DSP Block since the DSP block registers only possess synchronous reset capability.  It is suggested to recode or change these registers to remove the reset or use a synchronous reset to get the best optimization for performance, power and area.
Related violations: <none>

DPIR-2#59 Warning
Asynchronous driver check  
DSP core_inst/core_inst/core_pcie_inst/core_inst/app.app_block_inst/u_tiara_core/u_mp/u_alu/mul_pipe0__0 input pin core_inst/core_inst/core_pcie_inst/core_inst/app.app_block_inst/u_tiara_core/u_mp/u_alu/mul_pipe0__0/B[4] is connected to registers with an asynchronous reset. This is preventing the possibility of merging these registers in to the DSP Block since the DSP block registers only possess synchronous reset capability.  It is suggested to recode or change these registers to remove the reset or use a synchronous reset to get the best optimization for performance, power and area.
Related violations: <none>

DPIR-2#60 Warning
Asynchronous driver check  
DSP core_inst/core_inst/core_pcie_inst/core_inst/app.app_block_inst/u_tiara_core/u_mp/u_alu/mul_pipe0__0 input pin core_inst/core_inst/core_pcie_inst/core_inst/app.app_block_inst/u_tiara_core/u_mp/u_alu/mul_pipe0__0/B[5] is connected to registers with an asynchronous reset. This is preventing the possibility of merging these registers in to the DSP Block since the DSP block registers only possess synchronous reset capability.  It is suggested to recode or change these registers to remove the reset or use a synchronous reset to get the best optimization for performance, power and area.
Related violations: <none>

DPIR-2#61 Warning
Asynchronous driver check  
DSP core_inst/core_inst/core_pcie_inst/core_inst/app.app_block_inst/u_tiara_core/u_mp/u_alu/mul_pipe0__0 input pin core_inst/core_inst/core_pcie_inst/core_inst/app.app_block_inst/u_tiara_core/u_mp/u_alu/mul_pipe0__0/B[6] is connected to registers with an asynchronous reset. This is preventing the possibility of merging these registers in to the DSP Block since the DSP block registers only possess synchronous reset capability.  It is suggested to recode or change these registers to remove the reset or use a synchronous reset to get the best optimization for performance, power and area.
Related violations: <none>

DPIR-2#62 Warning
Asynchronous driver check  
DSP core_inst/core_inst/core_pcie_inst/core_inst/app.app_block_inst/u_tiara_core/u_mp/u_alu/mul_pipe0__0 input pin core_inst/core_inst/core_pcie_inst/core_inst/app.app_block_inst/u_tiara_core/u_mp/u_alu/mul_pipe0__0/B[7] is connected to registers with an asynchronous reset. This is preventing the possibility of merging these registers in to the DSP Block since the DSP block registers only possess synchronous reset capability.  It is suggested to recode or change these registers to remove the reset or use a synchronous reset to get the best optimization for performance, power and area.
Related violations: <none>

DPIR-2#63 Warning
Asynchronous driver check  
DSP core_inst/core_inst/core_pcie_inst/core_inst/app.app_block_inst/u_tiara_core/u_mp/u_alu/mul_pipe0__0 input pin core_inst/core_inst/core_pcie_inst/core_inst/app.app_block_inst/u_tiara_core/u_mp/u_alu/mul_pipe0__0/B[8] is connected to registers with an asynchronous reset. This is preventing the possibility of merging these registers in to the DSP Block since the DSP block registers only possess synchronous reset capability.  It is suggested to recode or change these registers to remove the reset or use a synchronous reset to get the best optimization for performance, power and area.
Related violations: <none>

DPIR-2#64 Warning
Asynchronous driver check  
DSP core_inst/core_inst/core_pcie_inst/core_inst/app.app_block_inst/u_tiara_core/u_mp/u_alu/mul_pipe0__0 input pin core_inst/core_inst/core_pcie_inst/core_inst/app.app_block_inst/u_tiara_core/u_mp/u_alu/mul_pipe0__0/B[9] is connected to registers with an asynchronous reset. This is preventing the possibility of merging these registers in to the DSP Block since the DSP block registers only possess synchronous reset capability.  It is suggested to recode or change these registers to remove the reset or use a synchronous reset to get the best optimization for performance, power and area.
Related violations: <none>

DPIR-2#65 Warning
Asynchronous driver check  
DSP core_inst/core_inst/core_pcie_inst/core_inst/app.app_block_inst/u_tiara_core/u_mp/u_alu/mul_pipe0__1 input pin core_inst/core_inst/core_pcie_inst/core_inst/app.app_block_inst/u_tiara_core/u_mp/u_alu/mul_pipe0__1/A[0] is connected to registers with an asynchronous reset. This is preventing the possibility of merging these registers in to the DSP Block since the DSP block registers only possess synchronous reset capability.  It is suggested to recode or change these registers to remove the reset or use a synchronous reset to get the best optimization for performance, power and area.
Related violations: <none>

DPIR-2#66 Warning
Asynchronous driver check  
DSP core_inst/core_inst/core_pcie_inst/core_inst/app.app_block_inst/u_tiara_core/u_mp/u_alu/mul_pipe0__1 input pin core_inst/core_inst/core_pcie_inst/core_inst/app.app_block_inst/u_tiara_core/u_mp/u_alu/mul_pipe0__1/A[10] is connected to registers with an asynchronous reset. This is preventing the possibility of merging these registers in to the DSP Block since the DSP block registers only possess synchronous reset capability.  It is suggested to recode or change these registers to remove the reset or use a synchronous reset to get the best optimization for performance, power and area.
Related violations: <none>

DPIR-2#67 Warning
Asynchronous driver check  
DSP core_inst/core_inst/core_pcie_inst/core_inst/app.app_block_inst/u_tiara_core/u_mp/u_alu/mul_pipe0__1 input pin core_inst/core_inst/core_pcie_inst/core_inst/app.app_block_inst/u_tiara_core/u_mp/u_alu/mul_pipe0__1/A[11] is connected to registers with an asynchronous reset. This is preventing the possibility of merging these registers in to the DSP Block since the DSP block registers only possess synchronous reset capability.  It is suggested to recode or change these registers to remove the reset or use a synchronous reset to get the best optimization for performance, power and area.
Related violations: <none>

DPIR-2#68 Warning
Asynchronous driver check  
DSP core_inst/core_inst/core_pcie_inst/core_inst/app.app_block_inst/u_tiara_core/u_mp/u_alu/mul_pipe0__1 input pin core_inst/core_inst/core_pcie_inst/core_inst/app.app_block_inst/u_tiara_core/u_mp/u_alu/mul_pipe0__1/A[12] is connected to registers with an asynchronous reset. This is preventing the possibility of merging these registers in to the DSP Block since the DSP block registers only possess synchronous reset capability.  It is suggested to recode or change these registers to remove the reset or use a synchronous reset to get the best optimization for performance, power and area.
Related violations: <none>

DPIR-2#69 Warning
Asynchronous driver check  
DSP core_inst/core_inst/core_pcie_inst/core_inst/app.app_block_inst/u_tiara_core/u_mp/u_alu/mul_pipe0__1 input pin core_inst/core_inst/core_pcie_inst/core_inst/app.app_block_inst/u_tiara_core/u_mp/u_alu/mul_pipe0__1/A[13] is connected to registers with an asynchronous reset. This is preventing the possibility of merging these registers in to the DSP Block since the DSP block registers only possess synchronous reset capability.  It is suggested to recode or change these registers to remove the reset or use a synchronous reset to get the best optimization for performance, power and area.
Related violations: <none>

DPIR-2#70 Warning
Asynchronous driver check  
DSP core_inst/core_inst/core_pcie_inst/core_inst/app.app_block_inst/u_tiara_core/u_mp/u_alu/mul_pipe0__1 input pin core_inst/core_inst/core_pcie_inst/core_inst/app.app_block_inst/u_tiara_core/u_mp/u_alu/mul_pipe0__1/A[14] is connected to registers with an asynchronous reset. This is preventing the possibility of merging these registers in to the DSP Block since the DSP block registers only possess synchronous reset capability.  It is suggested to recode or change these registers to remove the reset or use a synchronous reset to get the best optimization for performance, power and area.
Related violations: <none>

DPIR-2#71 Warning
Asynchronous driver check  
DSP core_inst/core_inst/core_pcie_inst/core_inst/app.app_block_inst/u_tiara_core/u_mp/u_alu/mul_pipe0__1 input pin core_inst/core_inst/core_pcie_inst/core_inst/app.app_block_inst/u_tiara_core/u_mp/u_alu/mul_pipe0__1/A[15] is connected to registers with an asynchronous reset. This is preventing the possibility of merging these registers in to the DSP Block since the DSP block registers only possess synchronous reset capability.  It is suggested to recode or change these registers to remove the reset or use a synchronous reset to get the best optimization for performance, power and area.
Related violations: <none>

DPIR-2#72 Warning
Asynchronous driver check  
DSP core_inst/core_inst/core_pcie_inst/core_inst/app.app_block_inst/u_tiara_core/u_mp/u_alu/mul_pipe0__1 input pin core_inst/core_inst/core_pcie_inst/core_inst/app.app_block_inst/u_tiara_core/u_mp/u_alu/mul_pipe0__1/A[16] is connected to registers with an asynchronous reset. This is preventing the possibility of merging these registers in to the DSP Block since the DSP block registers only possess synchronous reset capability.  It is suggested to recode or change these registers to remove the reset or use a synchronous reset to get the best optimization for performance, power and area.
Related violations: <none>

DPIR-2#73 Warning
Asynchronous driver check  
DSP core_inst/core_inst/core_pcie_inst/core_inst/app.app_block_inst/u_tiara_core/u_mp/u_alu/mul_pipe0__1 input pin core_inst/core_inst/core_pcie_inst/core_inst/app.app_block_inst/u_tiara_core/u_mp/u_alu/mul_pipe0__1/A[1] is connected to registers with an asynchronous reset. This is preventing the possibility of merging these registers in to the DSP Block since the DSP block registers only possess synchronous reset capability.  It is suggested to recode or change these registers to remove the reset or use a synchronous reset to get the best optimization for performance, power and area.
Related violations: <none>

DPIR-2#74 Warning
Asynchronous driver check  
DSP core_inst/core_inst/core_pcie_inst/core_inst/app.app_block_inst/u_tiara_core/u_mp/u_alu/mul_pipe0__1 input pin core_inst/core_inst/core_pcie_inst/core_inst/app.app_block_inst/u_tiara_core/u_mp/u_alu/mul_pipe0__1/A[2] is connected to registers with an asynchronous reset. This is preventing the possibility of merging these registers in to the DSP Block since the DSP block registers only possess synchronous reset capability.  It is suggested to recode or change these registers to remove the reset or use a synchronous reset to get the best optimization for performance, power and area.
Related violations: <none>

DPIR-2#75 Warning
Asynchronous driver check  
DSP core_inst/core_inst/core_pcie_inst/core_inst/app.app_block_inst/u_tiara_core/u_mp/u_alu/mul_pipe0__1 input pin core_inst/core_inst/core_pcie_inst/core_inst/app.app_block_inst/u_tiara_core/u_mp/u_alu/mul_pipe0__1/A[3] is connected to registers with an asynchronous reset. This is preventing the possibility of merging these registers in to the DSP Block since the DSP block registers only possess synchronous reset capability.  It is suggested to recode or change these registers to remove the reset or use a synchronous reset to get the best optimization for performance, power and area.
Related violations: <none>

DPIR-2#76 Warning
Asynchronous driver check  
DSP core_inst/core_inst/core_pcie_inst/core_inst/app.app_block_inst/u_tiara_core/u_mp/u_alu/mul_pipe0__1 input pin core_inst/core_inst/core_pcie_inst/core_inst/app.app_block_inst/u_tiara_core/u_mp/u_alu/mul_pipe0__1/A[4] is connected to registers with an asynchronous reset. This is preventing the possibility of merging these registers in to the DSP Block since the DSP block registers only possess synchronous reset capability.  It is suggested to recode or change these registers to remove the reset or use a synchronous reset to get the best optimization for performance, power and area.
Related violations: <none>

DPIR-2#77 Warning
Asynchronous driver check  
DSP core_inst/core_inst/core_pcie_inst/core_inst/app.app_block_inst/u_tiara_core/u_mp/u_alu/mul_pipe0__1 input pin core_inst/core_inst/core_pcie_inst/core_inst/app.app_block_inst/u_tiara_core/u_mp/u_alu/mul_pipe0__1/A[5] is connected to registers with an asynchronous reset. This is preventing the possibility of merging these registers in to the DSP Block since the DSP block registers only possess synchronous reset capability.  It is suggested to recode or change these registers to remove the reset or use a synchronous reset to get the best optimization for performance, power and area.
Related violations: <none>

DPIR-2#78 Warning
Asynchronous driver check  
DSP core_inst/core_inst/core_pcie_inst/core_inst/app.app_block_inst/u_tiara_core/u_mp/u_alu/mul_pipe0__1 input pin core_inst/core_inst/core_pcie_inst/core_inst/app.app_block_inst/u_tiara_core/u_mp/u_alu/mul_pipe0__1/A[6] is connected to registers with an asynchronous reset. This is preventing the possibility of merging these registers in to the DSP Block since the DSP block registers only possess synchronous reset capability.  It is suggested to recode or change these registers to remove the reset or use a synchronous reset to get the best optimization for performance, power and area.
Related violations: <none>

DPIR-2#79 Warning
Asynchronous driver check  
DSP core_inst/core_inst/core_pcie_inst/core_inst/app.app_block_inst/u_tiara_core/u_mp/u_alu/mul_pipe0__1 input pin core_inst/core_inst/core_pcie_inst/core_inst/app.app_block_inst/u_tiara_core/u_mp/u_alu/mul_pipe0__1/A[7] is connected to registers with an asynchronous reset. This is preventing the possibility of merging these registers in to the DSP Block since the DSP block registers only possess synchronous reset capability.  It is suggested to recode or change these registers to remove the reset or use a synchronous reset to get the best optimization for performance, power and area.
Related violations: <none>

DPIR-2#80 Warning
Asynchronous driver check  
DSP core_inst/core_inst/core_pcie_inst/core_inst/app.app_block_inst/u_tiara_core/u_mp/u_alu/mul_pipe0__1 input pin core_inst/core_inst/core_pcie_inst/core_inst/app.app_block_inst/u_tiara_core/u_mp/u_alu/mul_pipe0__1/A[8] is connected to registers with an asynchronous reset. This is preventing the possibility of merging these registers in to the DSP Block since the DSP block registers only possess synchronous reset capability.  It is suggested to recode or change these registers to remove the reset or use a synchronous reset to get the best optimization for performance, power and area.
Related violations: <none>

DPIR-2#81 Warning
Asynchronous driver check  
DSP core_inst/core_inst/core_pcie_inst/core_inst/app.app_block_inst/u_tiara_core/u_mp/u_alu/mul_pipe0__1 input pin core_inst/core_inst/core_pcie_inst/core_inst/app.app_block_inst/u_tiara_core/u_mp/u_alu/mul_pipe0__1/A[9] is connected to registers with an asynchronous reset. This is preventing the possibility of merging these registers in to the DSP Block since the DSP block registers only possess synchronous reset capability.  It is suggested to recode or change these registers to remove the reset or use a synchronous reset to get the best optimization for performance, power and area.
Related violations: <none>

DPIR-2#82 Warning
Asynchronous driver check  
DSP core_inst/core_inst/core_pcie_inst/core_inst/app.app_block_inst/u_tiara_core/u_mp/u_alu/mul_pipe0__1 input pin core_inst/core_inst/core_pcie_inst/core_inst/app.app_block_inst/u_tiara_core/u_mp/u_alu/mul_pipe0__1/B[0] is connected to registers with an asynchronous reset. This is preventing the possibility of merging these registers in to the DSP Block since the DSP block registers only possess synchronous reset capability.  It is suggested to recode or change these registers to remove the reset or use a synchronous reset to get the best optimization for performance, power and area.
Related violations: <none>

DPIR-2#83 Warning
Asynchronous driver check  
DSP core_inst/core_inst/core_pcie_inst/core_inst/app.app_block_inst/u_tiara_core/u_mp/u_alu/mul_pipe0__1 input pin core_inst/core_inst/core_pcie_inst/core_inst/app.app_block_inst/u_tiara_core/u_mp/u_alu/mul_pipe0__1/B[10] is connected to registers with an asynchronous reset. This is preventing the possibility of merging these registers in to the DSP Block since the DSP block registers only possess synchronous reset capability.  It is suggested to recode or change these registers to remove the reset or use a synchronous reset to get the best optimization for performance, power and area.
Related violations: <none>

DPIR-2#84 Warning
Asynchronous driver check  
DSP core_inst/core_inst/core_pcie_inst/core_inst/app.app_block_inst/u_tiara_core/u_mp/u_alu/mul_pipe0__1 input pin core_inst/core_inst/core_pcie_inst/core_inst/app.app_block_inst/u_tiara_core/u_mp/u_alu/mul_pipe0__1/B[11] is connected to registers with an asynchronous reset. This is preventing the possibility of merging these registers in to the DSP Block since the DSP block registers only possess synchronous reset capability.  It is suggested to recode or change these registers to remove the reset or use a synchronous reset to get the best optimization for performance, power and area.
Related violations: <none>

DPIR-2#85 Warning
Asynchronous driver check  
DSP core_inst/core_inst/core_pcie_inst/core_inst/app.app_block_inst/u_tiara_core/u_mp/u_alu/mul_pipe0__1 input pin core_inst/core_inst/core_pcie_inst/core_inst/app.app_block_inst/u_tiara_core/u_mp/u_alu/mul_pipe0__1/B[12] is connected to registers with an asynchronous reset. This is preventing the possibility of merging these registers in to the DSP Block since the DSP block registers only possess synchronous reset capability.  It is suggested to recode or change these registers to remove the reset or use a synchronous reset to get the best optimization for performance, power and area.
Related violations: <none>

DPIR-2#86 Warning
Asynchronous driver check  
DSP core_inst/core_inst/core_pcie_inst/core_inst/app.app_block_inst/u_tiara_core/u_mp/u_alu/mul_pipe0__1 input pin core_inst/core_inst/core_pcie_inst/core_inst/app.app_block_inst/u_tiara_core/u_mp/u_alu/mul_pipe0__1/B[13] is connected to registers with an asynchronous reset. This is preventing the possibility of merging these registers in to the DSP Block since the DSP block registers only possess synchronous reset capability.  It is suggested to recode or change these registers to remove the reset or use a synchronous reset to get the best optimization for performance, power and area.
Related violations: <none>

DPIR-2#87 Warning
Asynchronous driver check  
DSP core_inst/core_inst/core_pcie_inst/core_inst/app.app_block_inst/u_tiara_core/u_mp/u_alu/mul_pipe0__1 input pin core_inst/core_inst/core_pcie_inst/core_inst/app.app_block_inst/u_tiara_core/u_mp/u_alu/mul_pipe0__1/B[14] is connected to registers with an asynchronous reset. This is preventing the possibility of merging these registers in to the DSP Block since the DSP block registers only possess synchronous reset capability.  It is suggested to recode or change these registers to remove the reset or use a synchronous reset to get the best optimization for performance, power and area.
Related violations: <none>

DPIR-2#88 Warning
Asynchronous driver check  
DSP core_inst/core_inst/core_pcie_inst/core_inst/app.app_block_inst/u_tiara_core/u_mp/u_alu/mul_pipe0__1 input pin core_inst/core_inst/core_pcie_inst/core_inst/app.app_block_inst/u_tiara_core/u_mp/u_alu/mul_pipe0__1/B[15] is connected to registers with an asynchronous reset. This is preventing the possibility of merging these registers in to the DSP Block since the DSP block registers only possess synchronous reset capability.  It is suggested to recode or change these registers to remove the reset or use a synchronous reset to get the best optimization for performance, power and area.
Related violations: <none>

DPIR-2#89 Warning
Asynchronous driver check  
DSP core_inst/core_inst/core_pcie_inst/core_inst/app.app_block_inst/u_tiara_core/u_mp/u_alu/mul_pipe0__1 input pin core_inst/core_inst/core_pcie_inst/core_inst/app.app_block_inst/u_tiara_core/u_mp/u_alu/mul_pipe0__1/B[16] is connected to registers with an asynchronous reset. This is preventing the possibility of merging these registers in to the DSP Block since the DSP block registers only possess synchronous reset capability.  It is suggested to recode or change these registers to remove the reset or use a synchronous reset to get the best optimization for performance, power and area.
Related violations: <none>

DPIR-2#90 Warning
Asynchronous driver check  
DSP core_inst/core_inst/core_pcie_inst/core_inst/app.app_block_inst/u_tiara_core/u_mp/u_alu/mul_pipe0__1 input pin core_inst/core_inst/core_pcie_inst/core_inst/app.app_block_inst/u_tiara_core/u_mp/u_alu/mul_pipe0__1/B[1] is connected to registers with an asynchronous reset. This is preventing the possibility of merging these registers in to the DSP Block since the DSP block registers only possess synchronous reset capability.  It is suggested to recode or change these registers to remove the reset or use a synchronous reset to get the best optimization for performance, power and area.
Related violations: <none>

DPIR-2#91 Warning
Asynchronous driver check  
DSP core_inst/core_inst/core_pcie_inst/core_inst/app.app_block_inst/u_tiara_core/u_mp/u_alu/mul_pipe0__1 input pin core_inst/core_inst/core_pcie_inst/core_inst/app.app_block_inst/u_tiara_core/u_mp/u_alu/mul_pipe0__1/B[2] is connected to registers with an asynchronous reset. This is preventing the possibility of merging these registers in to the DSP Block since the DSP block registers only possess synchronous reset capability.  It is suggested to recode or change these registers to remove the reset or use a synchronous reset to get the best optimization for performance, power and area.
Related violations: <none>

DPIR-2#92 Warning
Asynchronous driver check  
DSP core_inst/core_inst/core_pcie_inst/core_inst/app.app_block_inst/u_tiara_core/u_mp/u_alu/mul_pipe0__1 input pin core_inst/core_inst/core_pcie_inst/core_inst/app.app_block_inst/u_tiara_core/u_mp/u_alu/mul_pipe0__1/B[3] is connected to registers with an asynchronous reset. This is preventing the possibility of merging these registers in to the DSP Block since the DSP block registers only possess synchronous reset capability.  It is suggested to recode or change these registers to remove the reset or use a synchronous reset to get the best optimization for performance, power and area.
Related violations: <none>

DPIR-2#93 Warning
Asynchronous driver check  
DSP core_inst/core_inst/core_pcie_inst/core_inst/app.app_block_inst/u_tiara_core/u_mp/u_alu/mul_pipe0__1 input pin core_inst/core_inst/core_pcie_inst/core_inst/app.app_block_inst/u_tiara_core/u_mp/u_alu/mul_pipe0__1/B[4] is connected to registers with an asynchronous reset. This is preventing the possibility of merging these registers in to the DSP Block since the DSP block registers only possess synchronous reset capability.  It is suggested to recode or change these registers to remove the reset or use a synchronous reset to get the best optimization for performance, power and area.
Related violations: <none>

DPIR-2#94 Warning
Asynchronous driver check  
DSP core_inst/core_inst/core_pcie_inst/core_inst/app.app_block_inst/u_tiara_core/u_mp/u_alu/mul_pipe0__1 input pin core_inst/core_inst/core_pcie_inst/core_inst/app.app_block_inst/u_tiara_core/u_mp/u_alu/mul_pipe0__1/B[5] is connected to registers with an asynchronous reset. This is preventing the possibility of merging these registers in to the DSP Block since the DSP block registers only possess synchronous reset capability.  It is suggested to recode or change these registers to remove the reset or use a synchronous reset to get the best optimization for performance, power and area.
Related violations: <none>

DPIR-2#95 Warning
Asynchronous driver check  
DSP core_inst/core_inst/core_pcie_inst/core_inst/app.app_block_inst/u_tiara_core/u_mp/u_alu/mul_pipe0__1 input pin core_inst/core_inst/core_pcie_inst/core_inst/app.app_block_inst/u_tiara_core/u_mp/u_alu/mul_pipe0__1/B[6] is connected to registers with an asynchronous reset. This is preventing the possibility of merging these registers in to the DSP Block since the DSP block registers only possess synchronous reset capability.  It is suggested to recode or change these registers to remove the reset or use a synchronous reset to get the best optimization for performance, power and area.
Related violations: <none>

DPIR-2#96 Warning
Asynchronous driver check  
DSP core_inst/core_inst/core_pcie_inst/core_inst/app.app_block_inst/u_tiara_core/u_mp/u_alu/mul_pipe0__1 input pin core_inst/core_inst/core_pcie_inst/core_inst/app.app_block_inst/u_tiara_core/u_mp/u_alu/mul_pipe0__1/B[7] is connected to registers with an asynchronous reset. This is preventing the possibility of merging these registers in to the DSP Block since the DSP block registers only possess synchronous reset capability.  It is suggested to recode or change these registers to remove the reset or use a synchronous reset to get the best optimization for performance, power and area.
Related violations: <none>

DPIR-2#97 Warning
Asynchronous driver check  
DSP core_inst/core_inst/core_pcie_inst/core_inst/app.app_block_inst/u_tiara_core/u_mp/u_alu/mul_pipe0__1 input pin core_inst/core_inst/core_pcie_inst/core_inst/app.app_block_inst/u_tiara_core/u_mp/u_alu/mul_pipe0__1/B[8] is connected to registers with an asynchronous reset. This is preventing the possibility of merging these registers in to the DSP Block since the DSP block registers only possess synchronous reset capability.  It is suggested to recode or change these registers to remove the reset or use a synchronous reset to get the best optimization for performance, power and area.
Related violations: <none>

DPIR-2#98 Warning
Asynchronous driver check  
DSP core_inst/core_inst/core_pcie_inst/core_inst/app.app_block_inst/u_tiara_core/u_mp/u_alu/mul_pipe0__1 input pin core_inst/core_inst/core_pcie_inst/core_inst/app.app_block_inst/u_tiara_core/u_mp/u_alu/mul_pipe0__1/B[9] is connected to registers with an asynchronous reset. This is preventing the possibility of merging these registers in to the DSP Block since the DSP block registers only possess synchronous reset capability.  It is suggested to recode or change these registers to remove the reset or use a synchronous reset to get the best optimization for performance, power and area.
Related violations: <none>

DPIR-2#99 Warning
Asynchronous driver check  
DSP core_inst/core_inst/core_pcie_inst/core_inst/app.app_block_inst/u_tiara_core/u_mp/u_alu/mul_pipe0__2 input pin core_inst/core_inst/core_pcie_inst/core_inst/app.app_block_inst/u_tiara_core/u_mp/u_alu/mul_pipe0__2/A[0] is connected to registers with an asynchronous reset. This is preventing the possibility of merging these registers in to the DSP Block since the DSP block registers only possess synchronous reset capability.  It is suggested to recode or change these registers to remove the reset or use a synchronous reset to get the best optimization for performance, power and area.
Related violations: <none>

DPIR-2#100 Warning
Asynchronous driver check  
DSP core_inst/core_inst/core_pcie_inst/core_inst/app.app_block_inst/u_tiara_core/u_mp/u_alu/mul_pipe0__2 input pin core_inst/core_inst/core_pcie_inst/core_inst/app.app_block_inst/u_tiara_core/u_mp/u_alu/mul_pipe0__2/A[10] is connected to registers with an asynchronous reset. This is preventing the possibility of merging these registers in to the DSP Block since the DSP block registers only possess synchronous reset capability.  It is suggested to recode or change these registers to remove the reset or use a synchronous reset to get the best optimization for performance, power and area.
Related violations: <none>

DPIR-2#101 Warning
Asynchronous driver check  
DSP core_inst/core_inst/core_pcie_inst/core_inst/app.app_block_inst/u_tiara_core/u_mp/u_alu/mul_pipe0__2 input pin core_inst/core_inst/core_pcie_inst/core_inst/app.app_block_inst/u_tiara_core/u_mp/u_alu/mul_pipe0__2/A[11] is connected to registers with an asynchronous reset. This is preventing the possibility of merging these registers in to the DSP Block since the DSP block registers only possess synchronous reset capability.  It is suggested to recode or change these registers to remove the reset or use a synchronous reset to get the best optimization for performance, power and area.
Related violations: <none>

DPIR-2#102 Warning
Asynchronous driver check  
DSP core_inst/core_inst/core_pcie_inst/core_inst/app.app_block_inst/u_tiara_core/u_mp/u_alu/mul_pipe0__2 input pin core_inst/core_inst/core_pcie_inst/core_inst/app.app_block_inst/u_tiara_core/u_mp/u_alu/mul_pipe0__2/A[12] is connected to registers with an asynchronous reset. This is preventing the possibility of merging these registers in to the DSP Block since the DSP block registers only possess synchronous reset capability.  It is suggested to recode or change these registers to remove the reset or use a synchronous reset to get the best optimization for performance, power and area.
Related violations: <none>

DPIR-2#103 Warning
Asynchronous driver check  
DSP core_inst/core_inst/core_pcie_inst/core_inst/app.app_block_inst/u_tiara_core/u_mp/u_alu/mul_pipe0__2 input pin core_inst/core_inst/core_pcie_inst/core_inst/app.app_block_inst/u_tiara_core/u_mp/u_alu/mul_pipe0__2/A[13] is connected to registers with an asynchronous reset. This is preventing the possibility of merging these registers in to the DSP Block since the DSP block registers only possess synchronous reset capability.  It is suggested to recode or change these registers to remove the reset or use a synchronous reset to get the best optimization for performance, power and area.
Related violations: <none>

DPIR-2#104 Warning
Asynchronous driver check  
DSP core_inst/core_inst/core_pcie_inst/core_inst/app.app_block_inst/u_tiara_core/u_mp/u_alu/mul_pipe0__2 input pin core_inst/core_inst/core_pcie_inst/core_inst/app.app_block_inst/u_tiara_core/u_mp/u_alu/mul_pipe0__2/A[14] is connected to registers with an asynchronous reset. This is preventing the possibility of merging these registers in to the DSP Block since the DSP block registers only possess synchronous reset capability.  It is suggested to recode or change these registers to remove the reset or use a synchronous reset to get the best optimization for performance, power and area.
Related violations: <none>

DPIR-2#105 Warning
Asynchronous driver check  
DSP core_inst/core_inst/core_pcie_inst/core_inst/app.app_block_inst/u_tiara_core/u_mp/u_alu/mul_pipe0__2 input pin core_inst/core_inst/core_pcie_inst/core_inst/app.app_block_inst/u_tiara_core/u_mp/u_alu/mul_pipe0__2/A[15] is connected to registers with an asynchronous reset. This is preventing the possibility of merging these registers in to the DSP Block since the DSP block registers only possess synchronous reset capability.  It is suggested to recode or change these registers to remove the reset or use a synchronous reset to get the best optimization for performance, power and area.
Related violations: <none>

DPIR-2#106 Warning
Asynchronous driver check  
DSP core_inst/core_inst/core_pcie_inst/core_inst/app.app_block_inst/u_tiara_core/u_mp/u_alu/mul_pipe0__2 input pin core_inst/core_inst/core_pcie_inst/core_inst/app.app_block_inst/u_tiara_core/u_mp/u_alu/mul_pipe0__2/A[16] is connected to registers with an asynchronous reset. This is preventing the possibility of merging these registers in to the DSP Block since the DSP block registers only possess synchronous reset capability.  It is suggested to recode or change these registers to remove the reset or use a synchronous reset to get the best optimization for performance, power and area.
Related violations: <none>

DPIR-2#107 Warning
Asynchronous driver check  
DSP core_inst/core_inst/core_pcie_inst/core_inst/app.app_block_inst/u_tiara_core/u_mp/u_alu/mul_pipe0__2 input pin core_inst/core_inst/core_pcie_inst/core_inst/app.app_block_inst/u_tiara_core/u_mp/u_alu/mul_pipe0__2/A[1] is connected to registers with an asynchronous reset. This is preventing the possibility of merging these registers in to the DSP Block since the DSP block registers only possess synchronous reset capability.  It is suggested to recode or change these registers to remove the reset or use a synchronous reset to get the best optimization for performance, power and area.
Related violations: <none>

DPIR-2#108 Warning
Asynchronous driver check  
DSP core_inst/core_inst/core_pcie_inst/core_inst/app.app_block_inst/u_tiara_core/u_mp/u_alu/mul_pipe0__2 input pin core_inst/core_inst/core_pcie_inst/core_inst/app.app_block_inst/u_tiara_core/u_mp/u_alu/mul_pipe0__2/A[2] is connected to registers with an asynchronous reset. This is preventing the possibility of merging these registers in to the DSP Block since the DSP block registers only possess synchronous reset capability.  It is suggested to recode or change these registers to remove the reset or use a synchronous reset to get the best optimization for performance, power and area.
Related violations: <none>

DPIR-2#109 Warning
Asynchronous driver check  
DSP core_inst/core_inst/core_pcie_inst/core_inst/app.app_block_inst/u_tiara_core/u_mp/u_alu/mul_pipe0__2 input pin core_inst/core_inst/core_pcie_inst/core_inst/app.app_block_inst/u_tiara_core/u_mp/u_alu/mul_pipe0__2/A[3] is connected to registers with an asynchronous reset. This is preventing the possibility of merging these registers in to the DSP Block since the DSP block registers only possess synchronous reset capability.  It is suggested to recode or change these registers to remove the reset or use a synchronous reset to get the best optimization for performance, power and area.
Related violations: <none>

DPIR-2#110 Warning
Asynchronous driver check  
DSP core_inst/core_inst/core_pcie_inst/core_inst/app.app_block_inst/u_tiara_core/u_mp/u_alu/mul_pipe0__2 input pin core_inst/core_inst/core_pcie_inst/core_inst/app.app_block_inst/u_tiara_core/u_mp/u_alu/mul_pipe0__2/A[4] is connected to registers with an asynchronous reset. This is preventing the possibility of merging these registers in to the DSP Block since the DSP block registers only possess synchronous reset capability.  It is suggested to recode or change these registers to remove the reset or use a synchronous reset to get the best optimization for performance, power and area.
Related violations: <none>

DPIR-2#111 Warning
Asynchronous driver check  
DSP core_inst/core_inst/core_pcie_inst/core_inst/app.app_block_inst/u_tiara_core/u_mp/u_alu/mul_pipe0__2 input pin core_inst/core_inst/core_pcie_inst/core_inst/app.app_block_inst/u_tiara_core/u_mp/u_alu/mul_pipe0__2/A[5] is connected to registers with an asynchronous reset. This is preventing the possibility of merging these registers in to the DSP Block since the DSP block registers only possess synchronous reset capability.  It is suggested to recode or change these registers to remove the reset or use a synchronous reset to get the best optimization for performance, power and area.
Related violations: <none>

DPIR-2#112 Warning
Asynchronous driver check  
DSP core_inst/core_inst/core_pcie_inst/core_inst/app.app_block_inst/u_tiara_core/u_mp/u_alu/mul_pipe0__2 input pin core_inst/core_inst/core_pcie_inst/core_inst/app.app_block_inst/u_tiara_core/u_mp/u_alu/mul_pipe0__2/A[6] is connected to registers with an asynchronous reset. This is preventing the possibility of merging these registers in to the DSP Block since the DSP block registers only possess synchronous reset capability.  It is suggested to recode or change these registers to remove the reset or use a synchronous reset to get the best optimization for performance, power and area.
Related violations: <none>

DPIR-2#113 Warning
Asynchronous driver check  
DSP core_inst/core_inst/core_pcie_inst/core_inst/app.app_block_inst/u_tiara_core/u_mp/u_alu/mul_pipe0__2 input pin core_inst/core_inst/core_pcie_inst/core_inst/app.app_block_inst/u_tiara_core/u_mp/u_alu/mul_pipe0__2/A[7] is connected to registers with an asynchronous reset. This is preventing the possibility of merging these registers in to the DSP Block since the DSP block registers only possess synchronous reset capability.  It is suggested to recode or change these registers to remove the reset or use a synchronous reset to get the best optimization for performance, power and area.
Related violations: <none>

DPIR-2#114 Warning
Asynchronous driver check  
DSP core_inst/core_inst/core_pcie_inst/core_inst/app.app_block_inst/u_tiara_core/u_mp/u_alu/mul_pipe0__2 input pin core_inst/core_inst/core_pcie_inst/core_inst/app.app_block_inst/u_tiara_core/u_mp/u_alu/mul_pipe0__2/A[8] is connected to registers with an asynchronous reset. This is preventing the possibility of merging these registers in to the DSP Block since the DSP block registers only possess synchronous reset capability.  It is suggested to recode or change these registers to remove the reset or use a synchronous reset to get the best optimization for performance, power and area.
Related violations: <none>

DPIR-2#115 Warning
Asynchronous driver check  
DSP core_inst/core_inst/core_pcie_inst/core_inst/app.app_block_inst/u_tiara_core/u_mp/u_alu/mul_pipe0__2 input pin core_inst/core_inst/core_pcie_inst/core_inst/app.app_block_inst/u_tiara_core/u_mp/u_alu/mul_pipe0__2/A[9] is connected to registers with an asynchronous reset. This is preventing the possibility of merging these registers in to the DSP Block since the DSP block registers only possess synchronous reset capability.  It is suggested to recode or change these registers to remove the reset or use a synchronous reset to get the best optimization for performance, power and area.
Related violations: <none>

DPIR-2#116 Warning
Asynchronous driver check  
DSP core_inst/core_inst/core_pcie_inst/core_inst/app.app_block_inst/u_tiara_core/u_mp/u_alu/mul_pipe0__2 input pin core_inst/core_inst/core_pcie_inst/core_inst/app.app_block_inst/u_tiara_core/u_mp/u_alu/mul_pipe0__2/B[0] is connected to registers with an asynchronous reset. This is preventing the possibility of merging these registers in to the DSP Block since the DSP block registers only possess synchronous reset capability.  It is suggested to recode or change these registers to remove the reset or use a synchronous reset to get the best optimization for performance, power and area.
Related violations: <none>

DPIR-2#117 Warning
Asynchronous driver check  
DSP core_inst/core_inst/core_pcie_inst/core_inst/app.app_block_inst/u_tiara_core/u_mp/u_alu/mul_pipe0__2 input pin core_inst/core_inst/core_pcie_inst/core_inst/app.app_block_inst/u_tiara_core/u_mp/u_alu/mul_pipe0__2/B[10] is connected to registers with an asynchronous reset. This is preventing the possibility of merging these registers in to the DSP Block since the DSP block registers only possess synchronous reset capability.  It is suggested to recode or change these registers to remove the reset or use a synchronous reset to get the best optimization for performance, power and area.
Related violations: <none>

DPIR-2#118 Warning
Asynchronous driver check  
DSP core_inst/core_inst/core_pcie_inst/core_inst/app.app_block_inst/u_tiara_core/u_mp/u_alu/mul_pipe0__2 input pin core_inst/core_inst/core_pcie_inst/core_inst/app.app_block_inst/u_tiara_core/u_mp/u_alu/mul_pipe0__2/B[11] is connected to registers with an asynchronous reset. This is preventing the possibility of merging these registers in to the DSP Block since the DSP block registers only possess synchronous reset capability.  It is suggested to recode or change these registers to remove the reset or use a synchronous reset to get the best optimization for performance, power and area.
Related violations: <none>

DPIR-2#119 Warning
Asynchronous driver check  
DSP core_inst/core_inst/core_pcie_inst/core_inst/app.app_block_inst/u_tiara_core/u_mp/u_alu/mul_pipe0__2 input pin core_inst/core_inst/core_pcie_inst/core_inst/app.app_block_inst/u_tiara_core/u_mp/u_alu/mul_pipe0__2/B[12] is connected to registers with an asynchronous reset. This is preventing the possibility of merging these registers in to the DSP Block since the DSP block registers only possess synchronous reset capability.  It is suggested to recode or change these registers to remove the reset or use a synchronous reset to get the best optimization for performance, power and area.
Related violations: <none>

DPIR-2#120 Warning
Asynchronous driver check  
DSP core_inst/core_inst/core_pcie_inst/core_inst/app.app_block_inst/u_tiara_core/u_mp/u_alu/mul_pipe0__2 input pin core_inst/core_inst/core_pcie_inst/core_inst/app.app_block_inst/u_tiara_core/u_mp/u_alu/mul_pipe0__2/B[13] is connected to registers with an asynchronous reset. This is preventing the possibility of merging these registers in to the DSP Block since the DSP block registers only possess synchronous reset capability.  It is suggested to recode or change these registers to remove the reset or use a synchronous reset to get the best optimization for performance, power and area.
Related violations: <none>

DPIR-2#121 Warning
Asynchronous driver check  
DSP core_inst/core_inst/core_pcie_inst/core_inst/app.app_block_inst/u_tiara_core/u_mp/u_alu/mul_pipe0__2 input pin core_inst/core_inst/core_pcie_inst/core_inst/app.app_block_inst/u_tiara_core/u_mp/u_alu/mul_pipe0__2/B[14] is connected to registers with an asynchronous reset. This is preventing the possibility of merging these registers in to the DSP Block since the DSP block registers only possess synchronous reset capability.  It is suggested to recode or change these registers to remove the reset or use a synchronous reset to get the best optimization for performance, power and area.
Related violations: <none>

DPIR-2#122 Warning
Asynchronous driver check  
DSP core_inst/core_inst/core_pcie_inst/core_inst/app.app_block_inst/u_tiara_core/u_mp/u_alu/mul_pipe0__2 input pin core_inst/core_inst/core_pcie_inst/core_inst/app.app_block_inst/u_tiara_core/u_mp/u_alu/mul_pipe0__2/B[15] is connected to registers with an asynchronous reset. This is preventing the possibility of merging these registers in to the DSP Block since the DSP block registers only possess synchronous reset capability.  It is suggested to recode or change these registers to remove the reset or use a synchronous reset to get the best optimization for performance, power and area.
Related violations: <none>

DPIR-2#123 Warning
Asynchronous driver check  
DSP core_inst/core_inst/core_pcie_inst/core_inst/app.app_block_inst/u_tiara_core/u_mp/u_alu/mul_pipe0__2 input pin core_inst/core_inst/core_pcie_inst/core_inst/app.app_block_inst/u_tiara_core/u_mp/u_alu/mul_pipe0__2/B[16] is connected to registers with an asynchronous reset. This is preventing the possibility of merging these registers in to the DSP Block since the DSP block registers only possess synchronous reset capability.  It is suggested to recode or change these registers to remove the reset or use a synchronous reset to get the best optimization for performance, power and area.
Related violations: <none>

DPIR-2#124 Warning
Asynchronous driver check  
DSP core_inst/core_inst/core_pcie_inst/core_inst/app.app_block_inst/u_tiara_core/u_mp/u_alu/mul_pipe0__2 input pin core_inst/core_inst/core_pcie_inst/core_inst/app.app_block_inst/u_tiara_core/u_mp/u_alu/mul_pipe0__2/B[1] is connected to registers with an asynchronous reset. This is preventing the possibility of merging these registers in to the DSP Block since the DSP block registers only possess synchronous reset capability.  It is suggested to recode or change these registers to remove the reset or use a synchronous reset to get the best optimization for performance, power and area.
Related violations: <none>

DPIR-2#125 Warning
Asynchronous driver check  
DSP core_inst/core_inst/core_pcie_inst/core_inst/app.app_block_inst/u_tiara_core/u_mp/u_alu/mul_pipe0__2 input pin core_inst/core_inst/core_pcie_inst/core_inst/app.app_block_inst/u_tiara_core/u_mp/u_alu/mul_pipe0__2/B[2] is connected to registers with an asynchronous reset. This is preventing the possibility of merging these registers in to the DSP Block since the DSP block registers only possess synchronous reset capability.  It is suggested to recode or change these registers to remove the reset or use a synchronous reset to get the best optimization for performance, power and area.
Related violations: <none>

DPIR-2#126 Warning
Asynchronous driver check  
DSP core_inst/core_inst/core_pcie_inst/core_inst/app.app_block_inst/u_tiara_core/u_mp/u_alu/mul_pipe0__2 input pin core_inst/core_inst/core_pcie_inst/core_inst/app.app_block_inst/u_tiara_core/u_mp/u_alu/mul_pipe0__2/B[3] is connected to registers with an asynchronous reset. This is preventing the possibility of merging these registers in to the DSP Block since the DSP block registers only possess synchronous reset capability.  It is suggested to recode or change these registers to remove the reset or use a synchronous reset to get the best optimization for performance, power and area.
Related violations: <none>

DPIR-2#127 Warning
Asynchronous driver check  
DSP core_inst/core_inst/core_pcie_inst/core_inst/app.app_block_inst/u_tiara_core/u_mp/u_alu/mul_pipe0__2 input pin core_inst/core_inst/core_pcie_inst/core_inst/app.app_block_inst/u_tiara_core/u_mp/u_alu/mul_pipe0__2/B[4] is connected to registers with an asynchronous reset. This is preventing the possibility of merging these registers in to the DSP Block since the DSP block registers only possess synchronous reset capability.  It is suggested to recode or change these registers to remove the reset or use a synchronous reset to get the best optimization for performance, power and area.
Related violations: <none>

DPIR-2#128 Warning
Asynchronous driver check  
DSP core_inst/core_inst/core_pcie_inst/core_inst/app.app_block_inst/u_tiara_core/u_mp/u_alu/mul_pipe0__2 input pin core_inst/core_inst/core_pcie_inst/core_inst/app.app_block_inst/u_tiara_core/u_mp/u_alu/mul_pipe0__2/B[5] is connected to registers with an asynchronous reset. This is preventing the possibility of merging these registers in to the DSP Block since the DSP block registers only possess synchronous reset capability.  It is suggested to recode or change these registers to remove the reset or use a synchronous reset to get the best optimization for performance, power and area.
Related violations: <none>

DPIR-2#129 Warning
Asynchronous driver check  
DSP core_inst/core_inst/core_pcie_inst/core_inst/app.app_block_inst/u_tiara_core/u_mp/u_alu/mul_pipe0__2 input pin core_inst/core_inst/core_pcie_inst/core_inst/app.app_block_inst/u_tiara_core/u_mp/u_alu/mul_pipe0__2/B[6] is connected to registers with an asynchronous reset. This is preventing the possibility of merging these registers in to the DSP Block since the DSP block registers only possess synchronous reset capability.  It is suggested to recode or change these registers to remove the reset or use a synchronous reset to get the best optimization for performance, power and area.
Related violations: <none>

DPIR-2#130 Warning
Asynchronous driver check  
DSP core_inst/core_inst/core_pcie_inst/core_inst/app.app_block_inst/u_tiara_core/u_mp/u_alu/mul_pipe0__2 input pin core_inst/core_inst/core_pcie_inst/core_inst/app.app_block_inst/u_tiara_core/u_mp/u_alu/mul_pipe0__2/B[7] is connected to registers with an asynchronous reset. This is preventing the possibility of merging these registers in to the DSP Block since the DSP block registers only possess synchronous reset capability.  It is suggested to recode or change these registers to remove the reset or use a synchronous reset to get the best optimization for performance, power and area.
Related violations: <none>

DPIR-2#131 Warning
Asynchronous driver check  
DSP core_inst/core_inst/core_pcie_inst/core_inst/app.app_block_inst/u_tiara_core/u_mp/u_alu/mul_pipe0__2 input pin core_inst/core_inst/core_pcie_inst/core_inst/app.app_block_inst/u_tiara_core/u_mp/u_alu/mul_pipe0__2/B[8] is connected to registers with an asynchronous reset. This is preventing the possibility of merging these registers in to the DSP Block since the DSP block registers only possess synchronous reset capability.  It is suggested to recode or change these registers to remove the reset or use a synchronous reset to get the best optimization for performance, power and area.
Related violations: <none>

DPIR-2#132 Warning
Asynchronous driver check  
DSP core_inst/core_inst/core_pcie_inst/core_inst/app.app_block_inst/u_tiara_core/u_mp/u_alu/mul_pipe0__2 input pin core_inst/core_inst/core_pcie_inst/core_inst/app.app_block_inst/u_tiara_core/u_mp/u_alu/mul_pipe0__2/B[9] is connected to registers with an asynchronous reset. This is preventing the possibility of merging these registers in to the DSP Block since the DSP block registers only possess synchronous reset capability.  It is suggested to recode or change these registers to remove the reset or use a synchronous reset to get the best optimization for performance, power and area.
Related violations: <none>

DPIR-2#133 Warning
Asynchronous driver check  
DSP core_inst/core_inst/core_pcie_inst/core_inst/app.app_block_inst/u_tiara_core/u_mp/u_alu/mul_pipe0__3 input pin core_inst/core_inst/core_pcie_inst/core_inst/app.app_block_inst/u_tiara_core/u_mp/u_alu/mul_pipe0__3/A[0] is connected to registers with an asynchronous reset. This is preventing the possibility of merging these registers in to the DSP Block since the DSP block registers only possess synchronous reset capability.  It is suggested to recode or change these registers to remove the reset or use a synchronous reset to get the best optimization for performance, power and area.
Related violations: <none>

DPIR-2#134 Warning
Asynchronous driver check  
DSP core_inst/core_inst/core_pcie_inst/core_inst/app.app_block_inst/u_tiara_core/u_mp/u_alu/mul_pipe0__3 input pin core_inst/core_inst/core_pcie_inst/core_inst/app.app_block_inst/u_tiara_core/u_mp/u_alu/mul_pipe0__3/A[10] is connected to registers with an asynchronous reset. This is preventing the possibility of merging these registers in to the DSP Block since the DSP block registers only possess synchronous reset capability.  It is suggested to recode or change these registers to remove the reset or use a synchronous reset to get the best optimization for performance, power and area.
Related violations: <none>

DPIR-2#135 Warning
Asynchronous driver check  
DSP core_inst/core_inst/core_pcie_inst/core_inst/app.app_block_inst/u_tiara_core/u_mp/u_alu/mul_pipe0__3 input pin core_inst/core_inst/core_pcie_inst/core_inst/app.app_block_inst/u_tiara_core/u_mp/u_alu/mul_pipe0__3/A[11] is connected to registers with an asynchronous reset. This is preventing the possibility of merging these registers in to the DSP Block since the DSP block registers only possess synchronous reset capability.  It is suggested to recode or change these registers to remove the reset or use a synchronous reset to get the best optimization for performance, power and area.
Related violations: <none>

DPIR-2#136 Warning
Asynchronous driver check  
DSP core_inst/core_inst/core_pcie_inst/core_inst/app.app_block_inst/u_tiara_core/u_mp/u_alu/mul_pipe0__3 input pin core_inst/core_inst/core_pcie_inst/core_inst/app.app_block_inst/u_tiara_core/u_mp/u_alu/mul_pipe0__3/A[12] is connected to registers with an asynchronous reset. This is preventing the possibility of merging these registers in to the DSP Block since the DSP block registers only possess synchronous reset capability.  It is suggested to recode or change these registers to remove the reset or use a synchronous reset to get the best optimization for performance, power and area.
Related violations: <none>

DPIR-2#137 Warning
Asynchronous driver check  
DSP core_inst/core_inst/core_pcie_inst/core_inst/app.app_block_inst/u_tiara_core/u_mp/u_alu/mul_pipe0__3 input pin core_inst/core_inst/core_pcie_inst/core_inst/app.app_block_inst/u_tiara_core/u_mp/u_alu/mul_pipe0__3/A[13] is connected to registers with an asynchronous reset. This is preventing the possibility of merging these registers in to the DSP Block since the DSP block registers only possess synchronous reset capability.  It is suggested to recode or change these registers to remove the reset or use a synchronous reset to get the best optimization for performance, power and area.
Related violations: <none>

DPIR-2#138 Warning
Asynchronous driver check  
DSP core_inst/core_inst/core_pcie_inst/core_inst/app.app_block_inst/u_tiara_core/u_mp/u_alu/mul_pipe0__3 input pin core_inst/core_inst/core_pcie_inst/core_inst/app.app_block_inst/u_tiara_core/u_mp/u_alu/mul_pipe0__3/A[14] is connected to registers with an asynchronous reset. This is preventing the possibility of merging these registers in to the DSP Block since the DSP block registers only possess synchronous reset capability.  It is suggested to recode or change these registers to remove the reset or use a synchronous reset to get the best optimization for performance, power and area.
Related violations: <none>

DPIR-2#139 Warning
Asynchronous driver check  
DSP core_inst/core_inst/core_pcie_inst/core_inst/app.app_block_inst/u_tiara_core/u_mp/u_alu/mul_pipe0__3 input pin core_inst/core_inst/core_pcie_inst/core_inst/app.app_block_inst/u_tiara_core/u_mp/u_alu/mul_pipe0__3/A[15] is connected to registers with an asynchronous reset. This is preventing the possibility of merging these registers in to the DSP Block since the DSP block registers only possess synchronous reset capability.  It is suggested to recode or change these registers to remove the reset or use a synchronous reset to get the best optimization for performance, power and area.
Related violations: <none>

DPIR-2#140 Warning
Asynchronous driver check  
DSP core_inst/core_inst/core_pcie_inst/core_inst/app.app_block_inst/u_tiara_core/u_mp/u_alu/mul_pipe0__3 input pin core_inst/core_inst/core_pcie_inst/core_inst/app.app_block_inst/u_tiara_core/u_mp/u_alu/mul_pipe0__3/A[16] is connected to registers with an asynchronous reset. This is preventing the possibility of merging these registers in to the DSP Block since the DSP block registers only possess synchronous reset capability.  It is suggested to recode or change these registers to remove the reset or use a synchronous reset to get the best optimization for performance, power and area.
Related violations: <none>

DPIR-2#141 Warning
Asynchronous driver check  
DSP core_inst/core_inst/core_pcie_inst/core_inst/app.app_block_inst/u_tiara_core/u_mp/u_alu/mul_pipe0__3 input pin core_inst/core_inst/core_pcie_inst/core_inst/app.app_block_inst/u_tiara_core/u_mp/u_alu/mul_pipe0__3/A[1] is connected to registers with an asynchronous reset. This is preventing the possibility of merging these registers in to the DSP Block since the DSP block registers only possess synchronous reset capability.  It is suggested to recode or change these registers to remove the reset or use a synchronous reset to get the best optimization for performance, power and area.
Related violations: <none>

DPIR-2#142 Warning
Asynchronous driver check  
DSP core_inst/core_inst/core_pcie_inst/core_inst/app.app_block_inst/u_tiara_core/u_mp/u_alu/mul_pipe0__3 input pin core_inst/core_inst/core_pcie_inst/core_inst/app.app_block_inst/u_tiara_core/u_mp/u_alu/mul_pipe0__3/A[2] is connected to registers with an asynchronous reset. This is preventing the possibility of merging these registers in to the DSP Block since the DSP block registers only possess synchronous reset capability.  It is suggested to recode or change these registers to remove the reset or use a synchronous reset to get the best optimization for performance, power and area.
Related violations: <none>

DPIR-2#143 Warning
Asynchronous driver check  
DSP core_inst/core_inst/core_pcie_inst/core_inst/app.app_block_inst/u_tiara_core/u_mp/u_alu/mul_pipe0__3 input pin core_inst/core_inst/core_pcie_inst/core_inst/app.app_block_inst/u_tiara_core/u_mp/u_alu/mul_pipe0__3/A[3] is connected to registers with an asynchronous reset. This is preventing the possibility of merging these registers in to the DSP Block since the DSP block registers only possess synchronous reset capability.  It is suggested to recode or change these registers to remove the reset or use a synchronous reset to get the best optimization for performance, power and area.
Related violations: <none>

DPIR-2#144 Warning
Asynchronous driver check  
DSP core_inst/core_inst/core_pcie_inst/core_inst/app.app_block_inst/u_tiara_core/u_mp/u_alu/mul_pipe0__3 input pin core_inst/core_inst/core_pcie_inst/core_inst/app.app_block_inst/u_tiara_core/u_mp/u_alu/mul_pipe0__3/A[4] is connected to registers with an asynchronous reset. This is preventing the possibility of merging these registers in to the DSP Block since the DSP block registers only possess synchronous reset capability.  It is suggested to recode or change these registers to remove the reset or use a synchronous reset to get the best optimization for performance, power and area.
Related violations: <none>

DPIR-2#145 Warning
Asynchronous driver check  
DSP core_inst/core_inst/core_pcie_inst/core_inst/app.app_block_inst/u_tiara_core/u_mp/u_alu/mul_pipe0__3 input pin core_inst/core_inst/core_pcie_inst/core_inst/app.app_block_inst/u_tiara_core/u_mp/u_alu/mul_pipe0__3/A[5] is connected to registers with an asynchronous reset. This is preventing the possibility of merging these registers in to the DSP Block since the DSP block registers only possess synchronous reset capability.  It is suggested to recode or change these registers to remove the reset or use a synchronous reset to get the best optimization for performance, power and area.
Related violations: <none>

DPIR-2#146 Warning
Asynchronous driver check  
DSP core_inst/core_inst/core_pcie_inst/core_inst/app.app_block_inst/u_tiara_core/u_mp/u_alu/mul_pipe0__3 input pin core_inst/core_inst/core_pcie_inst/core_inst/app.app_block_inst/u_tiara_core/u_mp/u_alu/mul_pipe0__3/A[6] is connected to registers with an asynchronous reset. This is preventing the possibility of merging these registers in to the DSP Block since the DSP block registers only possess synchronous reset capability.  It is suggested to recode or change these registers to remove the reset or use a synchronous reset to get the best optimization for performance, power and area.
Related violations: <none>

DPIR-2#147 Warning
Asynchronous driver check  
DSP core_inst/core_inst/core_pcie_inst/core_inst/app.app_block_inst/u_tiara_core/u_mp/u_alu/mul_pipe0__3 input pin core_inst/core_inst/core_pcie_inst/core_inst/app.app_block_inst/u_tiara_core/u_mp/u_alu/mul_pipe0__3/A[7] is connected to registers with an asynchronous reset. This is preventing the possibility of merging these registers in to the DSP Block since the DSP block registers only possess synchronous reset capability.  It is suggested to recode or change these registers to remove the reset or use a synchronous reset to get the best optimization for performance, power and area.
Related violations: <none>

DPIR-2#148 Warning
Asynchronous driver check  
DSP core_inst/core_inst/core_pcie_inst/core_inst/app.app_block_inst/u_tiara_core/u_mp/u_alu/mul_pipe0__3 input pin core_inst/core_inst/core_pcie_inst/core_inst/app.app_block_inst/u_tiara_core/u_mp/u_alu/mul_pipe0__3/A[8] is connected to registers with an asynchronous reset. This is preventing the possibility of merging these registers in to the DSP Block since the DSP block registers only possess synchronous reset capability.  It is suggested to recode or change these registers to remove the reset or use a synchronous reset to get the best optimization for performance, power and area.
Related violations: <none>

DPIR-2#149 Warning
Asynchronous driver check  
DSP core_inst/core_inst/core_pcie_inst/core_inst/app.app_block_inst/u_tiara_core/u_mp/u_alu/mul_pipe0__3 input pin core_inst/core_inst/core_pcie_inst/core_inst/app.app_block_inst/u_tiara_core/u_mp/u_alu/mul_pipe0__3/A[9] is connected to registers with an asynchronous reset. This is preventing the possibility of merging these registers in to the DSP Block since the DSP block registers only possess synchronous reset capability.  It is suggested to recode or change these registers to remove the reset or use a synchronous reset to get the best optimization for performance, power and area.
Related violations: <none>

DPIR-2#150 Warning
Asynchronous driver check  
DSP core_inst/core_inst/core_pcie_inst/core_inst/app.app_block_inst/u_tiara_core/u_mp/u_alu/mul_pipe0__3 input pin core_inst/core_inst/core_pcie_inst/core_inst/app.app_block_inst/u_tiara_core/u_mp/u_alu/mul_pipe0__3/B[0] is connected to registers with an asynchronous reset. This is preventing the possibility of merging these registers in to the DSP Block since the DSP block registers only possess synchronous reset capability.  It is suggested to recode or change these registers to remove the reset or use a synchronous reset to get the best optimization for performance, power and area.
Related violations: <none>

DPIR-2#151 Warning
Asynchronous driver check  
DSP core_inst/core_inst/core_pcie_inst/core_inst/app.app_block_inst/u_tiara_core/u_mp/u_alu/mul_pipe0__3 input pin core_inst/core_inst/core_pcie_inst/core_inst/app.app_block_inst/u_tiara_core/u_mp/u_alu/mul_pipe0__3/B[10] is connected to registers with an asynchronous reset. This is preventing the possibility of merging these registers in to the DSP Block since the DSP block registers only possess synchronous reset capability.  It is suggested to recode or change these registers to remove the reset or use a synchronous reset to get the best optimization for performance, power and area.
Related violations: <none>

DPIR-2#152 Warning
Asynchronous driver check  
DSP core_inst/core_inst/core_pcie_inst/core_inst/app.app_block_inst/u_tiara_core/u_mp/u_alu/mul_pipe0__3 input pin core_inst/core_inst/core_pcie_inst/core_inst/app.app_block_inst/u_tiara_core/u_mp/u_alu/mul_pipe0__3/B[11] is connected to registers with an asynchronous reset. This is preventing the possibility of merging these registers in to the DSP Block since the DSP block registers only possess synchronous reset capability.  It is suggested to recode or change these registers to remove the reset or use a synchronous reset to get the best optimization for performance, power and area.
Related violations: <none>

DPIR-2#153 Warning
Asynchronous driver check  
DSP core_inst/core_inst/core_pcie_inst/core_inst/app.app_block_inst/u_tiara_core/u_mp/u_alu/mul_pipe0__3 input pin core_inst/core_inst/core_pcie_inst/core_inst/app.app_block_inst/u_tiara_core/u_mp/u_alu/mul_pipe0__3/B[12] is connected to registers with an asynchronous reset. This is preventing the possibility of merging these registers in to the DSP Block since the DSP block registers only possess synchronous reset capability.  It is suggested to recode or change these registers to remove the reset or use a synchronous reset to get the best optimization for performance, power and area.
Related violations: <none>

DPIR-2#154 Warning
Asynchronous driver check  
DSP core_inst/core_inst/core_pcie_inst/core_inst/app.app_block_inst/u_tiara_core/u_mp/u_alu/mul_pipe0__3 input pin core_inst/core_inst/core_pcie_inst/core_inst/app.app_block_inst/u_tiara_core/u_mp/u_alu/mul_pipe0__3/B[1] is connected to registers with an asynchronous reset. This is preventing the possibility of merging these registers in to the DSP Block since the DSP block registers only possess synchronous reset capability.  It is suggested to recode or change these registers to remove the reset or use a synchronous reset to get the best optimization for performance, power and area.
Related violations: <none>

DPIR-2#155 Warning
Asynchronous driver check  
DSP core_inst/core_inst/core_pcie_inst/core_inst/app.app_block_inst/u_tiara_core/u_mp/u_alu/mul_pipe0__3 input pin core_inst/core_inst/core_pcie_inst/core_inst/app.app_block_inst/u_tiara_core/u_mp/u_alu/mul_pipe0__3/B[2] is connected to registers with an asynchronous reset. This is preventing the possibility of merging these registers in to the DSP Block since the DSP block registers only possess synchronous reset capability.  It is suggested to recode or change these registers to remove the reset or use a synchronous reset to get the best optimization for performance, power and area.
Related violations: <none>

DPIR-2#156 Warning
Asynchronous driver check  
DSP core_inst/core_inst/core_pcie_inst/core_inst/app.app_block_inst/u_tiara_core/u_mp/u_alu/mul_pipe0__3 input pin core_inst/core_inst/core_pcie_inst/core_inst/app.app_block_inst/u_tiara_core/u_mp/u_alu/mul_pipe0__3/B[3] is connected to registers with an asynchronous reset. This is preventing the possibility of merging these registers in to the DSP Block since the DSP block registers only possess synchronous reset capability.  It is suggested to recode or change these registers to remove the reset or use a synchronous reset to get the best optimization for performance, power and area.
Related violations: <none>

DPIR-2#157 Warning
Asynchronous driver check  
DSP core_inst/core_inst/core_pcie_inst/core_inst/app.app_block_inst/u_tiara_core/u_mp/u_alu/mul_pipe0__3 input pin core_inst/core_inst/core_pcie_inst/core_inst/app.app_block_inst/u_tiara_core/u_mp/u_alu/mul_pipe0__3/B[4] is connected to registers with an asynchronous reset. This is preventing the possibility of merging these registers in to the DSP Block since the DSP block registers only possess synchronous reset capability.  It is suggested to recode or change these registers to remove the reset or use a synchronous reset to get the best optimization for performance, power and area.
Related violations: <none>

DPIR-2#158 Warning
Asynchronous driver check  
DSP core_inst/core_inst/core_pcie_inst/core_inst/app.app_block_inst/u_tiara_core/u_mp/u_alu/mul_pipe0__3 input pin core_inst/core_inst/core_pcie_inst/core_inst/app.app_block_inst/u_tiara_core/u_mp/u_alu/mul_pipe0__3/B[5] is connected to registers with an asynchronous reset. This is preventing the possibility of merging these registers in to the DSP Block since the DSP block registers only possess synchronous reset capability.  It is suggested to recode or change these registers to remove the reset or use a synchronous reset to get the best optimization for performance, power and area.
Related violations: <none>

DPIR-2#159 Warning
Asynchronous driver check  
DSP core_inst/core_inst/core_pcie_inst/core_inst/app.app_block_inst/u_tiara_core/u_mp/u_alu/mul_pipe0__3 input pin core_inst/core_inst/core_pcie_inst/core_inst/app.app_block_inst/u_tiara_core/u_mp/u_alu/mul_pipe0__3/B[6] is connected to registers with an asynchronous reset. This is preventing the possibility of merging these registers in to the DSP Block since the DSP block registers only possess synchronous reset capability.  It is suggested to recode or change these registers to remove the reset or use a synchronous reset to get the best optimization for performance, power and area.
Related violations: <none>

DPIR-2#160 Warning
Asynchronous driver check  
DSP core_inst/core_inst/core_pcie_inst/core_inst/app.app_block_inst/u_tiara_core/u_mp/u_alu/mul_pipe0__3 input pin core_inst/core_inst/core_pcie_inst/core_inst/app.app_block_inst/u_tiara_core/u_mp/u_alu/mul_pipe0__3/B[7] is connected to registers with an asynchronous reset. This is preventing the possibility of merging these registers in to the DSP Block since the DSP block registers only possess synchronous reset capability.  It is suggested to recode or change these registers to remove the reset or use a synchronous reset to get the best optimization for performance, power and area.
Related violations: <none>

DPIR-2#161 Warning
Asynchronous driver check  
DSP core_inst/core_inst/core_pcie_inst/core_inst/app.app_block_inst/u_tiara_core/u_mp/u_alu/mul_pipe0__3 input pin core_inst/core_inst/core_pcie_inst/core_inst/app.app_block_inst/u_tiara_core/u_mp/u_alu/mul_pipe0__3/B[8] is connected to registers with an asynchronous reset. This is preventing the possibility of merging these registers in to the DSP Block since the DSP block registers only possess synchronous reset capability.  It is suggested to recode or change these registers to remove the reset or use a synchronous reset to get the best optimization for performance, power and area.
Related violations: <none>

DPIR-2#162 Warning
Asynchronous driver check  
DSP core_inst/core_inst/core_pcie_inst/core_inst/app.app_block_inst/u_tiara_core/u_mp/u_alu/mul_pipe0__3 input pin core_inst/core_inst/core_pcie_inst/core_inst/app.app_block_inst/u_tiara_core/u_mp/u_alu/mul_pipe0__3/B[9] is connected to registers with an asynchronous reset. This is preventing the possibility of merging these registers in to the DSP Block since the DSP block registers only possess synchronous reset capability.  It is suggested to recode or change these registers to remove the reset or use a synchronous reset to get the best optimization for performance, power and area.
Related violations: <none>

DPIR-2#163 Warning
Asynchronous driver check  
DSP core_inst/core_inst/core_pcie_inst/core_inst/app.app_block_inst/u_tiara_core/u_mp/u_alu/mul_pipe0__4 input pin core_inst/core_inst/core_pcie_inst/core_inst/app.app_block_inst/u_tiara_core/u_mp/u_alu/mul_pipe0__4/A[0] is connected to registers with an asynchronous reset. This is preventing the possibility of merging these registers in to the DSP Block since the DSP block registers only possess synchronous reset capability.  It is suggested to recode or change these registers to remove the reset or use a synchronous reset to get the best optimization for performance, power and area.
Related violations: <none>

DPIR-2#164 Warning
Asynchronous driver check  
DSP core_inst/core_inst/core_pcie_inst/core_inst/app.app_block_inst/u_tiara_core/u_mp/u_alu/mul_pipe0__4 input pin core_inst/core_inst/core_pcie_inst/core_inst/app.app_block_inst/u_tiara_core/u_mp/u_alu/mul_pipe0__4/A[10] is connected to registers with an asynchronous reset. This is preventing the possibility of merging these registers in to the DSP Block since the DSP block registers only possess synchronous reset capability.  It is suggested to recode or change these registers to remove the reset or use a synchronous reset to get the best optimization for performance, power and area.
Related violations: <none>

DPIR-2#165 Warning
Asynchronous driver check  
DSP core_inst/core_inst/core_pcie_inst/core_inst/app.app_block_inst/u_tiara_core/u_mp/u_alu/mul_pipe0__4 input pin core_inst/core_inst/core_pcie_inst/core_inst/app.app_block_inst/u_tiara_core/u_mp/u_alu/mul_pipe0__4/A[11] is connected to registers with an asynchronous reset. This is preventing the possibility of merging these registers in to the DSP Block since the DSP block registers only possess synchronous reset capability.  It is suggested to recode or change these registers to remove the reset or use a synchronous reset to get the best optimization for performance, power and area.
Related violations: <none>

DPIR-2#166 Warning
Asynchronous driver check  
DSP core_inst/core_inst/core_pcie_inst/core_inst/app.app_block_inst/u_tiara_core/u_mp/u_alu/mul_pipe0__4 input pin core_inst/core_inst/core_pcie_inst/core_inst/app.app_block_inst/u_tiara_core/u_mp/u_alu/mul_pipe0__4/A[12] is connected to registers with an asynchronous reset. This is preventing the possibility of merging these registers in to the DSP Block since the DSP block registers only possess synchronous reset capability.  It is suggested to recode or change these registers to remove the reset or use a synchronous reset to get the best optimization for performance, power and area.
Related violations: <none>

DPIR-2#167 Warning
Asynchronous driver check  
DSP core_inst/core_inst/core_pcie_inst/core_inst/app.app_block_inst/u_tiara_core/u_mp/u_alu/mul_pipe0__4 input pin core_inst/core_inst/core_pcie_inst/core_inst/app.app_block_inst/u_tiara_core/u_mp/u_alu/mul_pipe0__4/A[13] is connected to registers with an asynchronous reset. This is preventing the possibility of merging these registers in to the DSP Block since the DSP block registers only possess synchronous reset capability.  It is suggested to recode or change these registers to remove the reset or use a synchronous reset to get the best optimization for performance, power and area.
Related violations: <none>

DPIR-2#168 Warning
Asynchronous driver check  
DSP core_inst/core_inst/core_pcie_inst/core_inst/app.app_block_inst/u_tiara_core/u_mp/u_alu/mul_pipe0__4 input pin core_inst/core_inst/core_pcie_inst/core_inst/app.app_block_inst/u_tiara_core/u_mp/u_alu/mul_pipe0__4/A[14] is connected to registers with an asynchronous reset. This is preventing the possibility of merging these registers in to the DSP Block since the DSP block registers only possess synchronous reset capability.  It is suggested to recode or change these registers to remove the reset or use a synchronous reset to get the best optimization for performance, power and area.
Related violations: <none>

DPIR-2#169 Warning
Asynchronous driver check  
DSP core_inst/core_inst/core_pcie_inst/core_inst/app.app_block_inst/u_tiara_core/u_mp/u_alu/mul_pipe0__4 input pin core_inst/core_inst/core_pcie_inst/core_inst/app.app_block_inst/u_tiara_core/u_mp/u_alu/mul_pipe0__4/A[15] is connected to registers with an asynchronous reset. This is preventing the possibility of merging these registers in to the DSP Block since the DSP block registers only possess synchronous reset capability.  It is suggested to recode or change these registers to remove the reset or use a synchronous reset to get the best optimization for performance, power and area.
Related violations: <none>

DPIR-2#170 Warning
Asynchronous driver check  
DSP core_inst/core_inst/core_pcie_inst/core_inst/app.app_block_inst/u_tiara_core/u_mp/u_alu/mul_pipe0__4 input pin core_inst/core_inst/core_pcie_inst/core_inst/app.app_block_inst/u_tiara_core/u_mp/u_alu/mul_pipe0__4/A[16] is connected to registers with an asynchronous reset. This is preventing the possibility of merging these registers in to the DSP Block since the DSP block registers only possess synchronous reset capability.  It is suggested to recode or change these registers to remove the reset or use a synchronous reset to get the best optimization for performance, power and area.
Related violations: <none>

DPIR-2#171 Warning
Asynchronous driver check  
DSP core_inst/core_inst/core_pcie_inst/core_inst/app.app_block_inst/u_tiara_core/u_mp/u_alu/mul_pipe0__4 input pin core_inst/core_inst/core_pcie_inst/core_inst/app.app_block_inst/u_tiara_core/u_mp/u_alu/mul_pipe0__4/A[1] is connected to registers with an asynchronous reset. This is preventing the possibility of merging these registers in to the DSP Block since the DSP block registers only possess synchronous reset capability.  It is suggested to recode or change these registers to remove the reset or use a synchronous reset to get the best optimization for performance, power and area.
Related violations: <none>

DPIR-2#172 Warning
Asynchronous driver check  
DSP core_inst/core_inst/core_pcie_inst/core_inst/app.app_block_inst/u_tiara_core/u_mp/u_alu/mul_pipe0__4 input pin core_inst/core_inst/core_pcie_inst/core_inst/app.app_block_inst/u_tiara_core/u_mp/u_alu/mul_pipe0__4/A[2] is connected to registers with an asynchronous reset. This is preventing the possibility of merging these registers in to the DSP Block since the DSP block registers only possess synchronous reset capability.  It is suggested to recode or change these registers to remove the reset or use a synchronous reset to get the best optimization for performance, power and area.
Related violations: <none>

DPIR-2#173 Warning
Asynchronous driver check  
DSP core_inst/core_inst/core_pcie_inst/core_inst/app.app_block_inst/u_tiara_core/u_mp/u_alu/mul_pipe0__4 input pin core_inst/core_inst/core_pcie_inst/core_inst/app.app_block_inst/u_tiara_core/u_mp/u_alu/mul_pipe0__4/A[3] is connected to registers with an asynchronous reset. This is preventing the possibility of merging these registers in to the DSP Block since the DSP block registers only possess synchronous reset capability.  It is suggested to recode or change these registers to remove the reset or use a synchronous reset to get the best optimization for performance, power and area.
Related violations: <none>

DPIR-2#174 Warning
Asynchronous driver check  
DSP core_inst/core_inst/core_pcie_inst/core_inst/app.app_block_inst/u_tiara_core/u_mp/u_alu/mul_pipe0__4 input pin core_inst/core_inst/core_pcie_inst/core_inst/app.app_block_inst/u_tiara_core/u_mp/u_alu/mul_pipe0__4/A[4] is connected to registers with an asynchronous reset. This is preventing the possibility of merging these registers in to the DSP Block since the DSP block registers only possess synchronous reset capability.  It is suggested to recode or change these registers to remove the reset or use a synchronous reset to get the best optimization for performance, power and area.
Related violations: <none>

DPIR-2#175 Warning
Asynchronous driver check  
DSP core_inst/core_inst/core_pcie_inst/core_inst/app.app_block_inst/u_tiara_core/u_mp/u_alu/mul_pipe0__4 input pin core_inst/core_inst/core_pcie_inst/core_inst/app.app_block_inst/u_tiara_core/u_mp/u_alu/mul_pipe0__4/A[5] is connected to registers with an asynchronous reset. This is preventing the possibility of merging these registers in to the DSP Block since the DSP block registers only possess synchronous reset capability.  It is suggested to recode or change these registers to remove the reset or use a synchronous reset to get the best optimization for performance, power and area.
Related violations: <none>

DPIR-2#176 Warning
Asynchronous driver check  
DSP core_inst/core_inst/core_pcie_inst/core_inst/app.app_block_inst/u_tiara_core/u_mp/u_alu/mul_pipe0__4 input pin core_inst/core_inst/core_pcie_inst/core_inst/app.app_block_inst/u_tiara_core/u_mp/u_alu/mul_pipe0__4/A[6] is connected to registers with an asynchronous reset. This is preventing the possibility of merging these registers in to the DSP Block since the DSP block registers only possess synchronous reset capability.  It is suggested to recode or change these registers to remove the reset or use a synchronous reset to get the best optimization for performance, power and area.
Related violations: <none>

DPIR-2#177 Warning
Asynchronous driver check  
DSP core_inst/core_inst/core_pcie_inst/core_inst/app.app_block_inst/u_tiara_core/u_mp/u_alu/mul_pipe0__4 input pin core_inst/core_inst/core_pcie_inst/core_inst/app.app_block_inst/u_tiara_core/u_mp/u_alu/mul_pipe0__4/A[7] is connected to registers with an asynchronous reset. This is preventing the possibility of merging these registers in to the DSP Block since the DSP block registers only possess synchronous reset capability.  It is suggested to recode or change these registers to remove the reset or use a synchronous reset to get the best optimization for performance, power and area.
Related violations: <none>

DPIR-2#178 Warning
Asynchronous driver check  
DSP core_inst/core_inst/core_pcie_inst/core_inst/app.app_block_inst/u_tiara_core/u_mp/u_alu/mul_pipe0__4 input pin core_inst/core_inst/core_pcie_inst/core_inst/app.app_block_inst/u_tiara_core/u_mp/u_alu/mul_pipe0__4/A[8] is connected to registers with an asynchronous reset. This is preventing the possibility of merging these registers in to the DSP Block since the DSP block registers only possess synchronous reset capability.  It is suggested to recode or change these registers to remove the reset or use a synchronous reset to get the best optimization for performance, power and area.
Related violations: <none>

DPIR-2#179 Warning
Asynchronous driver check  
DSP core_inst/core_inst/core_pcie_inst/core_inst/app.app_block_inst/u_tiara_core/u_mp/u_alu/mul_pipe0__4 input pin core_inst/core_inst/core_pcie_inst/core_inst/app.app_block_inst/u_tiara_core/u_mp/u_alu/mul_pipe0__4/A[9] is connected to registers with an asynchronous reset. This is preventing the possibility of merging these registers in to the DSP Block since the DSP block registers only possess synchronous reset capability.  It is suggested to recode or change these registers to remove the reset or use a synchronous reset to get the best optimization for performance, power and area.
Related violations: <none>

DPIR-2#180 Warning
Asynchronous driver check  
DSP core_inst/core_inst/core_pcie_inst/core_inst/app.app_block_inst/u_tiara_core/u_mp/u_alu/mul_pipe0__4 input pin core_inst/core_inst/core_pcie_inst/core_inst/app.app_block_inst/u_tiara_core/u_mp/u_alu/mul_pipe0__4/B[0] is connected to registers with an asynchronous reset. This is preventing the possibility of merging these registers in to the DSP Block since the DSP block registers only possess synchronous reset capability.  It is suggested to recode or change these registers to remove the reset or use a synchronous reset to get the best optimization for performance, power and area.
Related violations: <none>

DPIR-2#181 Warning
Asynchronous driver check  
DSP core_inst/core_inst/core_pcie_inst/core_inst/app.app_block_inst/u_tiara_core/u_mp/u_alu/mul_pipe0__4 input pin core_inst/core_inst/core_pcie_inst/core_inst/app.app_block_inst/u_tiara_core/u_mp/u_alu/mul_pipe0__4/B[10] is connected to registers with an asynchronous reset. This is preventing the possibility of merging these registers in to the DSP Block since the DSP block registers only possess synchronous reset capability.  It is suggested to recode or change these registers to remove the reset or use a synchronous reset to get the best optimization for performance, power and area.
Related violations: <none>

DPIR-2#182 Warning
Asynchronous driver check  
DSP core_inst/core_inst/core_pcie_inst/core_inst/app.app_block_inst/u_tiara_core/u_mp/u_alu/mul_pipe0__4 input pin core_inst/core_inst/core_pcie_inst/core_inst/app.app_block_inst/u_tiara_core/u_mp/u_alu/mul_pipe0__4/B[11] is connected to registers with an asynchronous reset. This is preventing the possibility of merging these registers in to the DSP Block since the DSP block registers only possess synchronous reset capability.  It is suggested to recode or change these registers to remove the reset or use a synchronous reset to get the best optimization for performance, power and area.
Related violations: <none>

DPIR-2#183 Warning
Asynchronous driver check  
DSP core_inst/core_inst/core_pcie_inst/core_inst/app.app_block_inst/u_tiara_core/u_mp/u_alu/mul_pipe0__4 input pin core_inst/core_inst/core_pcie_inst/core_inst/app.app_block_inst/u_tiara_core/u_mp/u_alu/mul_pipe0__4/B[12] is connected to registers with an asynchronous reset. This is preventing the possibility of merging these registers in to the DSP Block since the DSP block registers only possess synchronous reset capability.  It is suggested to recode or change these registers to remove the reset or use a synchronous reset to get the best optimization for performance, power and area.
Related violations: <none>

DPIR-2#184 Warning
Asynchronous driver check  
DSP core_inst/core_inst/core_pcie_inst/core_inst/app.app_block_inst/u_tiara_core/u_mp/u_alu/mul_pipe0__4 input pin core_inst/core_inst/core_pcie_inst/core_inst/app.app_block_inst/u_tiara_core/u_mp/u_alu/mul_pipe0__4/B[13] is connected to registers with an asynchronous reset. This is preventing the possibility of merging these registers in to the DSP Block since the DSP block registers only possess synchronous reset capability.  It is suggested to recode or change these registers to remove the reset or use a synchronous reset to get the best optimization for performance, power and area.
Related violations: <none>

DPIR-2#185 Warning
Asynchronous driver check  
DSP core_inst/core_inst/core_pcie_inst/core_inst/app.app_block_inst/u_tiara_core/u_mp/u_alu/mul_pipe0__4 input pin core_inst/core_inst/core_pcie_inst/core_inst/app.app_block_inst/u_tiara_core/u_mp/u_alu/mul_pipe0__4/B[14] is connected to registers with an asynchronous reset. This is preventing the possibility of merging these registers in to the DSP Block since the DSP block registers only possess synchronous reset capability.  It is suggested to recode or change these registers to remove the reset or use a synchronous reset to get the best optimization for performance, power and area.
Related violations: <none>

DPIR-2#186 Warning
Asynchronous driver check  
DSP core_inst/core_inst/core_pcie_inst/core_inst/app.app_block_inst/u_tiara_core/u_mp/u_alu/mul_pipe0__4 input pin core_inst/core_inst/core_pcie_inst/core_inst/app.app_block_inst/u_tiara_core/u_mp/u_alu/mul_pipe0__4/B[15] is connected to registers with an asynchronous reset. This is preventing the possibility of merging these registers in to the DSP Block since the DSP block registers only possess synchronous reset capability.  It is suggested to recode or change these registers to remove the reset or use a synchronous reset to get the best optimization for performance, power and area.
Related violations: <none>

DPIR-2#187 Warning
Asynchronous driver check  
DSP core_inst/core_inst/core_pcie_inst/core_inst/app.app_block_inst/u_tiara_core/u_mp/u_alu/mul_pipe0__4 input pin core_inst/core_inst/core_pcie_inst/core_inst/app.app_block_inst/u_tiara_core/u_mp/u_alu/mul_pipe0__4/B[16] is connected to registers with an asynchronous reset. This is preventing the possibility of merging these registers in to the DSP Block since the DSP block registers only possess synchronous reset capability.  It is suggested to recode or change these registers to remove the reset or use a synchronous reset to get the best optimization for performance, power and area.
Related violations: <none>

DPIR-2#188 Warning
Asynchronous driver check  
DSP core_inst/core_inst/core_pcie_inst/core_inst/app.app_block_inst/u_tiara_core/u_mp/u_alu/mul_pipe0__4 input pin core_inst/core_inst/core_pcie_inst/core_inst/app.app_block_inst/u_tiara_core/u_mp/u_alu/mul_pipe0__4/B[1] is connected to registers with an asynchronous reset. This is preventing the possibility of merging these registers in to the DSP Block since the DSP block registers only possess synchronous reset capability.  It is suggested to recode or change these registers to remove the reset or use a synchronous reset to get the best optimization for performance, power and area.
Related violations: <none>

DPIR-2#189 Warning
Asynchronous driver check  
DSP core_inst/core_inst/core_pcie_inst/core_inst/app.app_block_inst/u_tiara_core/u_mp/u_alu/mul_pipe0__4 input pin core_inst/core_inst/core_pcie_inst/core_inst/app.app_block_inst/u_tiara_core/u_mp/u_alu/mul_pipe0__4/B[2] is connected to registers with an asynchronous reset. This is preventing the possibility of merging these registers in to the DSP Block since the DSP block registers only possess synchronous reset capability.  It is suggested to recode or change these registers to remove the reset or use a synchronous reset to get the best optimization for performance, power and area.
Related violations: <none>

DPIR-2#190 Warning
Asynchronous driver check  
DSP core_inst/core_inst/core_pcie_inst/core_inst/app.app_block_inst/u_tiara_core/u_mp/u_alu/mul_pipe0__4 input pin core_inst/core_inst/core_pcie_inst/core_inst/app.app_block_inst/u_tiara_core/u_mp/u_alu/mul_pipe0__4/B[3] is connected to registers with an asynchronous reset. This is preventing the possibility of merging these registers in to the DSP Block since the DSP block registers only possess synchronous reset capability.  It is suggested to recode or change these registers to remove the reset or use a synchronous reset to get the best optimization for performance, power and area.
Related violations: <none>

DPIR-2#191 Warning
Asynchronous driver check  
DSP core_inst/core_inst/core_pcie_inst/core_inst/app.app_block_inst/u_tiara_core/u_mp/u_alu/mul_pipe0__4 input pin core_inst/core_inst/core_pcie_inst/core_inst/app.app_block_inst/u_tiara_core/u_mp/u_alu/mul_pipe0__4/B[4] is connected to registers with an asynchronous reset. This is preventing the possibility of merging these registers in to the DSP Block since the DSP block registers only possess synchronous reset capability.  It is suggested to recode or change these registers to remove the reset or use a synchronous reset to get the best optimization for performance, power and area.
Related violations: <none>

DPIR-2#192 Warning
Asynchronous driver check  
DSP core_inst/core_inst/core_pcie_inst/core_inst/app.app_block_inst/u_tiara_core/u_mp/u_alu/mul_pipe0__4 input pin core_inst/core_inst/core_pcie_inst/core_inst/app.app_block_inst/u_tiara_core/u_mp/u_alu/mul_pipe0__4/B[5] is connected to registers with an asynchronous reset. This is preventing the possibility of merging these registers in to the DSP Block since the DSP block registers only possess synchronous reset capability.  It is suggested to recode or change these registers to remove the reset or use a synchronous reset to get the best optimization for performance, power and area.
Related violations: <none>

DPIR-2#193 Warning
Asynchronous driver check  
DSP core_inst/core_inst/core_pcie_inst/core_inst/app.app_block_inst/u_tiara_core/u_mp/u_alu/mul_pipe0__4 input pin core_inst/core_inst/core_pcie_inst/core_inst/app.app_block_inst/u_tiara_core/u_mp/u_alu/mul_pipe0__4/B[6] is connected to registers with an asynchronous reset. This is preventing the possibility of merging these registers in to the DSP Block since the DSP block registers only possess synchronous reset capability.  It is suggested to recode or change these registers to remove the reset or use a synchronous reset to get the best optimization for performance, power and area.
Related violations: <none>

DPIR-2#194 Warning
Asynchronous driver check  
DSP core_inst/core_inst/core_pcie_inst/core_inst/app.app_block_inst/u_tiara_core/u_mp/u_alu/mul_pipe0__4 input pin core_inst/core_inst/core_pcie_inst/core_inst/app.app_block_inst/u_tiara_core/u_mp/u_alu/mul_pipe0__4/B[7] is connected to registers with an asynchronous reset. This is preventing the possibility of merging these registers in to the DSP Block since the DSP block registers only possess synchronous reset capability.  It is suggested to recode or change these registers to remove the reset or use a synchronous reset to get the best optimization for performance, power and area.
Related violations: <none>

DPIR-2#195 Warning
Asynchronous driver check  
DSP core_inst/core_inst/core_pcie_inst/core_inst/app.app_block_inst/u_tiara_core/u_mp/u_alu/mul_pipe0__4 input pin core_inst/core_inst/core_pcie_inst/core_inst/app.app_block_inst/u_tiara_core/u_mp/u_alu/mul_pipe0__4/B[8] is connected to registers with an asynchronous reset. This is preventing the possibility of merging these registers in to the DSP Block since the DSP block registers only possess synchronous reset capability.  It is suggested to recode or change these registers to remove the reset or use a synchronous reset to get the best optimization for performance, power and area.
Related violations: <none>

DPIR-2#196 Warning
Asynchronous driver check  
DSP core_inst/core_inst/core_pcie_inst/core_inst/app.app_block_inst/u_tiara_core/u_mp/u_alu/mul_pipe0__4 input pin core_inst/core_inst/core_pcie_inst/core_inst/app.app_block_inst/u_tiara_core/u_mp/u_alu/mul_pipe0__4/B[9] is connected to registers with an asynchronous reset. This is preventing the possibility of merging these registers in to the DSP Block since the DSP block registers only possess synchronous reset capability.  It is suggested to recode or change these registers to remove the reset or use a synchronous reset to get the best optimization for performance, power and area.
Related violations: <none>

DPIR-2#197 Warning
Asynchronous driver check  
DSP core_inst/core_inst/core_pcie_inst/core_inst/app.app_block_inst/u_tiara_core/u_mp/u_alu/mul_pipe0__5 input pin core_inst/core_inst/core_pcie_inst/core_inst/app.app_block_inst/u_tiara_core/u_mp/u_alu/mul_pipe0__5/A[0] is connected to registers with an asynchronous reset. This is preventing the possibility of merging these registers in to the DSP Block since the DSP block registers only possess synchronous reset capability.  It is suggested to recode or change these registers to remove the reset or use a synchronous reset to get the best optimization for performance, power and area.
Related violations: <none>

DPIR-2#198 Warning
Asynchronous driver check  
DSP core_inst/core_inst/core_pcie_inst/core_inst/app.app_block_inst/u_tiara_core/u_mp/u_alu/mul_pipe0__5 input pin core_inst/core_inst/core_pcie_inst/core_inst/app.app_block_inst/u_tiara_core/u_mp/u_alu/mul_pipe0__5/A[10] is connected to registers with an asynchronous reset. This is preventing the possibility of merging these registers in to the DSP Block since the DSP block registers only possess synchronous reset capability.  It is suggested to recode or change these registers to remove the reset or use a synchronous reset to get the best optimization for performance, power and area.
Related violations: <none>

DPIR-2#199 Warning
Asynchronous driver check  
DSP core_inst/core_inst/core_pcie_inst/core_inst/app.app_block_inst/u_tiara_core/u_mp/u_alu/mul_pipe0__5 input pin core_inst/core_inst/core_pcie_inst/core_inst/app.app_block_inst/u_tiara_core/u_mp/u_alu/mul_pipe0__5/A[11] is connected to registers with an asynchronous reset. This is preventing the possibility of merging these registers in to the DSP Block since the DSP block registers only possess synchronous reset capability.  It is suggested to recode or change these registers to remove the reset or use a synchronous reset to get the best optimization for performance, power and area.
Related violations: <none>

DPIR-2#200 Warning
Asynchronous driver check  
DSP core_inst/core_inst/core_pcie_inst/core_inst/app.app_block_inst/u_tiara_core/u_mp/u_alu/mul_pipe0__5 input pin core_inst/core_inst/core_pcie_inst/core_inst/app.app_block_inst/u_tiara_core/u_mp/u_alu/mul_pipe0__5/A[12] is connected to registers with an asynchronous reset. This is preventing the possibility of merging these registers in to the DSP Block since the DSP block registers only possess synchronous reset capability.  It is suggested to recode or change these registers to remove the reset or use a synchronous reset to get the best optimization for performance, power and area.
Related violations: <none>

DPIR-2#201 Warning
Asynchronous driver check  
DSP core_inst/core_inst/core_pcie_inst/core_inst/app.app_block_inst/u_tiara_core/u_mp/u_alu/mul_pipe0__5 input pin core_inst/core_inst/core_pcie_inst/core_inst/app.app_block_inst/u_tiara_core/u_mp/u_alu/mul_pipe0__5/A[13] is connected to registers with an asynchronous reset. This is preventing the possibility of merging these registers in to the DSP Block since the DSP block registers only possess synchronous reset capability.  It is suggested to recode or change these registers to remove the reset or use a synchronous reset to get the best optimization for performance, power and area.
Related violations: <none>

DPIR-2#202 Warning
Asynchronous driver check  
DSP core_inst/core_inst/core_pcie_inst/core_inst/app.app_block_inst/u_tiara_core/u_mp/u_alu/mul_pipe0__5 input pin core_inst/core_inst/core_pcie_inst/core_inst/app.app_block_inst/u_tiara_core/u_mp/u_alu/mul_pipe0__5/A[14] is connected to registers with an asynchronous reset. This is preventing the possibility of merging these registers in to the DSP Block since the DSP block registers only possess synchronous reset capability.  It is suggested to recode or change these registers to remove the reset or use a synchronous reset to get the best optimization for performance, power and area.
Related violations: <none>

DPIR-2#203 Warning
Asynchronous driver check  
DSP core_inst/core_inst/core_pcie_inst/core_inst/app.app_block_inst/u_tiara_core/u_mp/u_alu/mul_pipe0__5 input pin core_inst/core_inst/core_pcie_inst/core_inst/app.app_block_inst/u_tiara_core/u_mp/u_alu/mul_pipe0__5/A[15] is connected to registers with an asynchronous reset. This is preventing the possibility of merging these registers in to the DSP Block since the DSP block registers only possess synchronous reset capability.  It is suggested to recode or change these registers to remove the reset or use a synchronous reset to get the best optimization for performance, power and area.
Related violations: <none>

DPIR-2#204 Warning
Asynchronous driver check  
DSP core_inst/core_inst/core_pcie_inst/core_inst/app.app_block_inst/u_tiara_core/u_mp/u_alu/mul_pipe0__5 input pin core_inst/core_inst/core_pcie_inst/core_inst/app.app_block_inst/u_tiara_core/u_mp/u_alu/mul_pipe0__5/A[16] is connected to registers with an asynchronous reset. This is preventing the possibility of merging these registers in to the DSP Block since the DSP block registers only possess synchronous reset capability.  It is suggested to recode or change these registers to remove the reset or use a synchronous reset to get the best optimization for performance, power and area.
Related violations: <none>

DPIR-2#205 Warning
Asynchronous driver check  
DSP core_inst/core_inst/core_pcie_inst/core_inst/app.app_block_inst/u_tiara_core/u_mp/u_alu/mul_pipe0__5 input pin core_inst/core_inst/core_pcie_inst/core_inst/app.app_block_inst/u_tiara_core/u_mp/u_alu/mul_pipe0__5/A[1] is connected to registers with an asynchronous reset. This is preventing the possibility of merging these registers in to the DSP Block since the DSP block registers only possess synchronous reset capability.  It is suggested to recode or change these registers to remove the reset or use a synchronous reset to get the best optimization for performance, power and area.
Related violations: <none>

DPIR-2#206 Warning
Asynchronous driver check  
DSP core_inst/core_inst/core_pcie_inst/core_inst/app.app_block_inst/u_tiara_core/u_mp/u_alu/mul_pipe0__5 input pin core_inst/core_inst/core_pcie_inst/core_inst/app.app_block_inst/u_tiara_core/u_mp/u_alu/mul_pipe0__5/A[2] is connected to registers with an asynchronous reset. This is preventing the possibility of merging these registers in to the DSP Block since the DSP block registers only possess synchronous reset capability.  It is suggested to recode or change these registers to remove the reset or use a synchronous reset to get the best optimization for performance, power and area.
Related violations: <none>

DPIR-2#207 Warning
Asynchronous driver check  
DSP core_inst/core_inst/core_pcie_inst/core_inst/app.app_block_inst/u_tiara_core/u_mp/u_alu/mul_pipe0__5 input pin core_inst/core_inst/core_pcie_inst/core_inst/app.app_block_inst/u_tiara_core/u_mp/u_alu/mul_pipe0__5/A[3] is connected to registers with an asynchronous reset. This is preventing the possibility of merging these registers in to the DSP Block since the DSP block registers only possess synchronous reset capability.  It is suggested to recode or change these registers to remove the reset or use a synchronous reset to get the best optimization for performance, power and area.
Related violations: <none>

DPIR-2#208 Warning
Asynchronous driver check  
DSP core_inst/core_inst/core_pcie_inst/core_inst/app.app_block_inst/u_tiara_core/u_mp/u_alu/mul_pipe0__5 input pin core_inst/core_inst/core_pcie_inst/core_inst/app.app_block_inst/u_tiara_core/u_mp/u_alu/mul_pipe0__5/A[4] is connected to registers with an asynchronous reset. This is preventing the possibility of merging these registers in to the DSP Block since the DSP block registers only possess synchronous reset capability.  It is suggested to recode or change these registers to remove the reset or use a synchronous reset to get the best optimization for performance, power and area.
Related violations: <none>

DPIR-2#209 Warning
Asynchronous driver check  
DSP core_inst/core_inst/core_pcie_inst/core_inst/app.app_block_inst/u_tiara_core/u_mp/u_alu/mul_pipe0__5 input pin core_inst/core_inst/core_pcie_inst/core_inst/app.app_block_inst/u_tiara_core/u_mp/u_alu/mul_pipe0__5/A[5] is connected to registers with an asynchronous reset. This is preventing the possibility of merging these registers in to the DSP Block since the DSP block registers only possess synchronous reset capability.  It is suggested to recode or change these registers to remove the reset or use a synchronous reset to get the best optimization for performance, power and area.
Related violations: <none>

DPIR-2#210 Warning
Asynchronous driver check  
DSP core_inst/core_inst/core_pcie_inst/core_inst/app.app_block_inst/u_tiara_core/u_mp/u_alu/mul_pipe0__5 input pin core_inst/core_inst/core_pcie_inst/core_inst/app.app_block_inst/u_tiara_core/u_mp/u_alu/mul_pipe0__5/A[6] is connected to registers with an asynchronous reset. This is preventing the possibility of merging these registers in to the DSP Block since the DSP block registers only possess synchronous reset capability.  It is suggested to recode or change these registers to remove the reset or use a synchronous reset to get the best optimization for performance, power and area.
Related violations: <none>

DPIR-2#211 Warning
Asynchronous driver check  
DSP core_inst/core_inst/core_pcie_inst/core_inst/app.app_block_inst/u_tiara_core/u_mp/u_alu/mul_pipe0__5 input pin core_inst/core_inst/core_pcie_inst/core_inst/app.app_block_inst/u_tiara_core/u_mp/u_alu/mul_pipe0__5/A[7] is connected to registers with an asynchronous reset. This is preventing the possibility of merging these registers in to the DSP Block since the DSP block registers only possess synchronous reset capability.  It is suggested to recode or change these registers to remove the reset or use a synchronous reset to get the best optimization for performance, power and area.
Related violations: <none>

DPIR-2#212 Warning
Asynchronous driver check  
DSP core_inst/core_inst/core_pcie_inst/core_inst/app.app_block_inst/u_tiara_core/u_mp/u_alu/mul_pipe0__5 input pin core_inst/core_inst/core_pcie_inst/core_inst/app.app_block_inst/u_tiara_core/u_mp/u_alu/mul_pipe0__5/A[8] is connected to registers with an asynchronous reset. This is preventing the possibility of merging these registers in to the DSP Block since the DSP block registers only possess synchronous reset capability.  It is suggested to recode or change these registers to remove the reset or use a synchronous reset to get the best optimization for performance, power and area.
Related violations: <none>

DPIR-2#213 Warning
Asynchronous driver check  
DSP core_inst/core_inst/core_pcie_inst/core_inst/app.app_block_inst/u_tiara_core/u_mp/u_alu/mul_pipe0__5 input pin core_inst/core_inst/core_pcie_inst/core_inst/app.app_block_inst/u_tiara_core/u_mp/u_alu/mul_pipe0__5/A[9] is connected to registers with an asynchronous reset. This is preventing the possibility of merging these registers in to the DSP Block since the DSP block registers only possess synchronous reset capability.  It is suggested to recode or change these registers to remove the reset or use a synchronous reset to get the best optimization for performance, power and area.
Related violations: <none>

DPIR-2#214 Warning
Asynchronous driver check  
DSP core_inst/core_inst/core_pcie_inst/core_inst/app.app_block_inst/u_tiara_core/u_mp/u_alu/mul_pipe0__5 input pin core_inst/core_inst/core_pcie_inst/core_inst/app.app_block_inst/u_tiara_core/u_mp/u_alu/mul_pipe0__5/B[0] is connected to registers with an asynchronous reset. This is preventing the possibility of merging these registers in to the DSP Block since the DSP block registers only possess synchronous reset capability.  It is suggested to recode or change these registers to remove the reset or use a synchronous reset to get the best optimization for performance, power and area.
Related violations: <none>

DPIR-2#215 Warning
Asynchronous driver check  
DSP core_inst/core_inst/core_pcie_inst/core_inst/app.app_block_inst/u_tiara_core/u_mp/u_alu/mul_pipe0__5 input pin core_inst/core_inst/core_pcie_inst/core_inst/app.app_block_inst/u_tiara_core/u_mp/u_alu/mul_pipe0__5/B[10] is connected to registers with an asynchronous reset. This is preventing the possibility of merging these registers in to the DSP Block since the DSP block registers only possess synchronous reset capability.  It is suggested to recode or change these registers to remove the reset or use a synchronous reset to get the best optimization for performance, power and area.
Related violations: <none>

DPIR-2#216 Warning
Asynchronous driver check  
DSP core_inst/core_inst/core_pcie_inst/core_inst/app.app_block_inst/u_tiara_core/u_mp/u_alu/mul_pipe0__5 input pin core_inst/core_inst/core_pcie_inst/core_inst/app.app_block_inst/u_tiara_core/u_mp/u_alu/mul_pipe0__5/B[11] is connected to registers with an asynchronous reset. This is preventing the possibility of merging these registers in to the DSP Block since the DSP block registers only possess synchronous reset capability.  It is suggested to recode or change these registers to remove the reset or use a synchronous reset to get the best optimization for performance, power and area.
Related violations: <none>

DPIR-2#217 Warning
Asynchronous driver check  
DSP core_inst/core_inst/core_pcie_inst/core_inst/app.app_block_inst/u_tiara_core/u_mp/u_alu/mul_pipe0__5 input pin core_inst/core_inst/core_pcie_inst/core_inst/app.app_block_inst/u_tiara_core/u_mp/u_alu/mul_pipe0__5/B[12] is connected to registers with an asynchronous reset. This is preventing the possibility of merging these registers in to the DSP Block since the DSP block registers only possess synchronous reset capability.  It is suggested to recode or change these registers to remove the reset or use a synchronous reset to get the best optimization for performance, power and area.
Related violations: <none>

DPIR-2#218 Warning
Asynchronous driver check  
DSP core_inst/core_inst/core_pcie_inst/core_inst/app.app_block_inst/u_tiara_core/u_mp/u_alu/mul_pipe0__5 input pin core_inst/core_inst/core_pcie_inst/core_inst/app.app_block_inst/u_tiara_core/u_mp/u_alu/mul_pipe0__5/B[13] is connected to registers with an asynchronous reset. This is preventing the possibility of merging these registers in to the DSP Block since the DSP block registers only possess synchronous reset capability.  It is suggested to recode or change these registers to remove the reset or use a synchronous reset to get the best optimization for performance, power and area.
Related violations: <none>

DPIR-2#219 Warning
Asynchronous driver check  
DSP core_inst/core_inst/core_pcie_inst/core_inst/app.app_block_inst/u_tiara_core/u_mp/u_alu/mul_pipe0__5 input pin core_inst/core_inst/core_pcie_inst/core_inst/app.app_block_inst/u_tiara_core/u_mp/u_alu/mul_pipe0__5/B[14] is connected to registers with an asynchronous reset. This is preventing the possibility of merging these registers in to the DSP Block since the DSP block registers only possess synchronous reset capability.  It is suggested to recode or change these registers to remove the reset or use a synchronous reset to get the best optimization for performance, power and area.
Related violations: <none>

DPIR-2#220 Warning
Asynchronous driver check  
DSP core_inst/core_inst/core_pcie_inst/core_inst/app.app_block_inst/u_tiara_core/u_mp/u_alu/mul_pipe0__5 input pin core_inst/core_inst/core_pcie_inst/core_inst/app.app_block_inst/u_tiara_core/u_mp/u_alu/mul_pipe0__5/B[15] is connected to registers with an asynchronous reset. This is preventing the possibility of merging these registers in to the DSP Block since the DSP block registers only possess synchronous reset capability.  It is suggested to recode or change these registers to remove the reset or use a synchronous reset to get the best optimization for performance, power and area.
Related violations: <none>

DPIR-2#221 Warning
Asynchronous driver check  
DSP core_inst/core_inst/core_pcie_inst/core_inst/app.app_block_inst/u_tiara_core/u_mp/u_alu/mul_pipe0__5 input pin core_inst/core_inst/core_pcie_inst/core_inst/app.app_block_inst/u_tiara_core/u_mp/u_alu/mul_pipe0__5/B[16] is connected to registers with an asynchronous reset. This is preventing the possibility of merging these registers in to the DSP Block since the DSP block registers only possess synchronous reset capability.  It is suggested to recode or change these registers to remove the reset or use a synchronous reset to get the best optimization for performance, power and area.
Related violations: <none>

DPIR-2#222 Warning
Asynchronous driver check  
DSP core_inst/core_inst/core_pcie_inst/core_inst/app.app_block_inst/u_tiara_core/u_mp/u_alu/mul_pipe0__5 input pin core_inst/core_inst/core_pcie_inst/core_inst/app.app_block_inst/u_tiara_core/u_mp/u_alu/mul_pipe0__5/B[1] is connected to registers with an asynchronous reset. This is preventing the possibility of merging these registers in to the DSP Block since the DSP block registers only possess synchronous reset capability.  It is suggested to recode or change these registers to remove the reset or use a synchronous reset to get the best optimization for performance, power and area.
Related violations: <none>

DPIR-2#223 Warning
Asynchronous driver check  
DSP core_inst/core_inst/core_pcie_inst/core_inst/app.app_block_inst/u_tiara_core/u_mp/u_alu/mul_pipe0__5 input pin core_inst/core_inst/core_pcie_inst/core_inst/app.app_block_inst/u_tiara_core/u_mp/u_alu/mul_pipe0__5/B[2] is connected to registers with an asynchronous reset. This is preventing the possibility of merging these registers in to the DSP Block since the DSP block registers only possess synchronous reset capability.  It is suggested to recode or change these registers to remove the reset or use a synchronous reset to get the best optimization for performance, power and area.
Related violations: <none>

DPIR-2#224 Warning
Asynchronous driver check  
DSP core_inst/core_inst/core_pcie_inst/core_inst/app.app_block_inst/u_tiara_core/u_mp/u_alu/mul_pipe0__5 input pin core_inst/core_inst/core_pcie_inst/core_inst/app.app_block_inst/u_tiara_core/u_mp/u_alu/mul_pipe0__5/B[3] is connected to registers with an asynchronous reset. This is preventing the possibility of merging these registers in to the DSP Block since the DSP block registers only possess synchronous reset capability.  It is suggested to recode or change these registers to remove the reset or use a synchronous reset to get the best optimization for performance, power and area.
Related violations: <none>

DPIR-2#225 Warning
Asynchronous driver check  
DSP core_inst/core_inst/core_pcie_inst/core_inst/app.app_block_inst/u_tiara_core/u_mp/u_alu/mul_pipe0__5 input pin core_inst/core_inst/core_pcie_inst/core_inst/app.app_block_inst/u_tiara_core/u_mp/u_alu/mul_pipe0__5/B[4] is connected to registers with an asynchronous reset. This is preventing the possibility of merging these registers in to the DSP Block since the DSP block registers only possess synchronous reset capability.  It is suggested to recode or change these registers to remove the reset or use a synchronous reset to get the best optimization for performance, power and area.
Related violations: <none>

DPIR-2#226 Warning
Asynchronous driver check  
DSP core_inst/core_inst/core_pcie_inst/core_inst/app.app_block_inst/u_tiara_core/u_mp/u_alu/mul_pipe0__5 input pin core_inst/core_inst/core_pcie_inst/core_inst/app.app_block_inst/u_tiara_core/u_mp/u_alu/mul_pipe0__5/B[5] is connected to registers with an asynchronous reset. This is preventing the possibility of merging these registers in to the DSP Block since the DSP block registers only possess synchronous reset capability.  It is suggested to recode or change these registers to remove the reset or use a synchronous reset to get the best optimization for performance, power and area.
Related violations: <none>

DPIR-2#227 Warning
Asynchronous driver check  
DSP core_inst/core_inst/core_pcie_inst/core_inst/app.app_block_inst/u_tiara_core/u_mp/u_alu/mul_pipe0__5 input pin core_inst/core_inst/core_pcie_inst/core_inst/app.app_block_inst/u_tiara_core/u_mp/u_alu/mul_pipe0__5/B[6] is connected to registers with an asynchronous reset. This is preventing the possibility of merging these registers in to the DSP Block since the DSP block registers only possess synchronous reset capability.  It is suggested to recode or change these registers to remove the reset or use a synchronous reset to get the best optimization for performance, power and area.
Related violations: <none>

DPIR-2#228 Warning
Asynchronous driver check  
DSP core_inst/core_inst/core_pcie_inst/core_inst/app.app_block_inst/u_tiara_core/u_mp/u_alu/mul_pipe0__5 input pin core_inst/core_inst/core_pcie_inst/core_inst/app.app_block_inst/u_tiara_core/u_mp/u_alu/mul_pipe0__5/B[7] is connected to registers with an asynchronous reset. This is preventing the possibility of merging these registers in to the DSP Block since the DSP block registers only possess synchronous reset capability.  It is suggested to recode or change these registers to remove the reset or use a synchronous reset to get the best optimization for performance, power and area.
Related violations: <none>

DPIR-2#229 Warning
Asynchronous driver check  
DSP core_inst/core_inst/core_pcie_inst/core_inst/app.app_block_inst/u_tiara_core/u_mp/u_alu/mul_pipe0__5 input pin core_inst/core_inst/core_pcie_inst/core_inst/app.app_block_inst/u_tiara_core/u_mp/u_alu/mul_pipe0__5/B[8] is connected to registers with an asynchronous reset. This is preventing the possibility of merging these registers in to the DSP Block since the DSP block registers only possess synchronous reset capability.  It is suggested to recode or change these registers to remove the reset or use a synchronous reset to get the best optimization for performance, power and area.
Related violations: <none>

DPIR-2#230 Warning
Asynchronous driver check  
DSP core_inst/core_inst/core_pcie_inst/core_inst/app.app_block_inst/u_tiara_core/u_mp/u_alu/mul_pipe0__5 input pin core_inst/core_inst/core_pcie_inst/core_inst/app.app_block_inst/u_tiara_core/u_mp/u_alu/mul_pipe0__5/B[9] is connected to registers with an asynchronous reset. This is preventing the possibility of merging these registers in to the DSP Block since the DSP block registers only possess synchronous reset capability.  It is suggested to recode or change these registers to remove the reset or use a synchronous reset to get the best optimization for performance, power and area.
Related violations: <none>

DPIR-2#231 Warning
Asynchronous driver check  
DSP core_inst/core_inst/core_pcie_inst/core_inst/app.app_block_inst/u_tiara_core/u_mp/u_alu/mul_pipe0__6 input pin core_inst/core_inst/core_pcie_inst/core_inst/app.app_block_inst/u_tiara_core/u_mp/u_alu/mul_pipe0__6/A[0] is connected to registers with an asynchronous reset. This is preventing the possibility of merging these registers in to the DSP Block since the DSP block registers only possess synchronous reset capability.  It is suggested to recode or change these registers to remove the reset or use a synchronous reset to get the best optimization for performance, power and area.
Related violations: <none>

DPIR-2#232 Warning
Asynchronous driver check  
DSP core_inst/core_inst/core_pcie_inst/core_inst/app.app_block_inst/u_tiara_core/u_mp/u_alu/mul_pipe0__6 input pin core_inst/core_inst/core_pcie_inst/core_inst/app.app_block_inst/u_tiara_core/u_mp/u_alu/mul_pipe0__6/A[10] is connected to registers with an asynchronous reset. This is preventing the possibility of merging these registers in to the DSP Block since the DSP block registers only possess synchronous reset capability.  It is suggested to recode or change these registers to remove the reset or use a synchronous reset to get the best optimization for performance, power and area.
Related violations: <none>

DPIR-2#233 Warning
Asynchronous driver check  
DSP core_inst/core_inst/core_pcie_inst/core_inst/app.app_block_inst/u_tiara_core/u_mp/u_alu/mul_pipe0__6 input pin core_inst/core_inst/core_pcie_inst/core_inst/app.app_block_inst/u_tiara_core/u_mp/u_alu/mul_pipe0__6/A[11] is connected to registers with an asynchronous reset. This is preventing the possibility of merging these registers in to the DSP Block since the DSP block registers only possess synchronous reset capability.  It is suggested to recode or change these registers to remove the reset or use a synchronous reset to get the best optimization for performance, power and area.
Related violations: <none>

DPIR-2#234 Warning
Asynchronous driver check  
DSP core_inst/core_inst/core_pcie_inst/core_inst/app.app_block_inst/u_tiara_core/u_mp/u_alu/mul_pipe0__6 input pin core_inst/core_inst/core_pcie_inst/core_inst/app.app_block_inst/u_tiara_core/u_mp/u_alu/mul_pipe0__6/A[12] is connected to registers with an asynchronous reset. This is preventing the possibility of merging these registers in to the DSP Block since the DSP block registers only possess synchronous reset capability.  It is suggested to recode or change these registers to remove the reset or use a synchronous reset to get the best optimization for performance, power and area.
Related violations: <none>

DPIR-2#235 Warning
Asynchronous driver check  
DSP core_inst/core_inst/core_pcie_inst/core_inst/app.app_block_inst/u_tiara_core/u_mp/u_alu/mul_pipe0__6 input pin core_inst/core_inst/core_pcie_inst/core_inst/app.app_block_inst/u_tiara_core/u_mp/u_alu/mul_pipe0__6/A[13] is connected to registers with an asynchronous reset. This is preventing the possibility of merging these registers in to the DSP Block since the DSP block registers only possess synchronous reset capability.  It is suggested to recode or change these registers to remove the reset or use a synchronous reset to get the best optimization for performance, power and area.
Related violations: <none>

DPIR-2#236 Warning
Asynchronous driver check  
DSP core_inst/core_inst/core_pcie_inst/core_inst/app.app_block_inst/u_tiara_core/u_mp/u_alu/mul_pipe0__6 input pin core_inst/core_inst/core_pcie_inst/core_inst/app.app_block_inst/u_tiara_core/u_mp/u_alu/mul_pipe0__6/A[14] is connected to registers with an asynchronous reset. This is preventing the possibility of merging these registers in to the DSP Block since the DSP block registers only possess synchronous reset capability.  It is suggested to recode or change these registers to remove the reset or use a synchronous reset to get the best optimization for performance, power and area.
Related violations: <none>

DPIR-2#237 Warning
Asynchronous driver check  
DSP core_inst/core_inst/core_pcie_inst/core_inst/app.app_block_inst/u_tiara_core/u_mp/u_alu/mul_pipe0__6 input pin core_inst/core_inst/core_pcie_inst/core_inst/app.app_block_inst/u_tiara_core/u_mp/u_alu/mul_pipe0__6/A[15] is connected to registers with an asynchronous reset. This is preventing the possibility of merging these registers in to the DSP Block since the DSP block registers only possess synchronous reset capability.  It is suggested to recode or change these registers to remove the reset or use a synchronous reset to get the best optimization for performance, power and area.
Related violations: <none>

DPIR-2#238 Warning
Asynchronous driver check  
DSP core_inst/core_inst/core_pcie_inst/core_inst/app.app_block_inst/u_tiara_core/u_mp/u_alu/mul_pipe0__6 input pin core_inst/core_inst/core_pcie_inst/core_inst/app.app_block_inst/u_tiara_core/u_mp/u_alu/mul_pipe0__6/A[16] is connected to registers with an asynchronous reset. This is preventing the possibility of merging these registers in to the DSP Block since the DSP block registers only possess synchronous reset capability.  It is suggested to recode or change these registers to remove the reset or use a synchronous reset to get the best optimization for performance, power and area.
Related violations: <none>

DPIR-2#239 Warning
Asynchronous driver check  
DSP core_inst/core_inst/core_pcie_inst/core_inst/app.app_block_inst/u_tiara_core/u_mp/u_alu/mul_pipe0__6 input pin core_inst/core_inst/core_pcie_inst/core_inst/app.app_block_inst/u_tiara_core/u_mp/u_alu/mul_pipe0__6/A[1] is connected to registers with an asynchronous reset. This is preventing the possibility of merging these registers in to the DSP Block since the DSP block registers only possess synchronous reset capability.  It is suggested to recode or change these registers to remove the reset or use a synchronous reset to get the best optimization for performance, power and area.
Related violations: <none>

DPIR-2#240 Warning
Asynchronous driver check  
DSP core_inst/core_inst/core_pcie_inst/core_inst/app.app_block_inst/u_tiara_core/u_mp/u_alu/mul_pipe0__6 input pin core_inst/core_inst/core_pcie_inst/core_inst/app.app_block_inst/u_tiara_core/u_mp/u_alu/mul_pipe0__6/A[2] is connected to registers with an asynchronous reset. This is preventing the possibility of merging these registers in to the DSP Block since the DSP block registers only possess synchronous reset capability.  It is suggested to recode or change these registers to remove the reset or use a synchronous reset to get the best optimization for performance, power and area.
Related violations: <none>

DPIR-2#241 Warning
Asynchronous driver check  
DSP core_inst/core_inst/core_pcie_inst/core_inst/app.app_block_inst/u_tiara_core/u_mp/u_alu/mul_pipe0__6 input pin core_inst/core_inst/core_pcie_inst/core_inst/app.app_block_inst/u_tiara_core/u_mp/u_alu/mul_pipe0__6/A[3] is connected to registers with an asynchronous reset. This is preventing the possibility of merging these registers in to the DSP Block since the DSP block registers only possess synchronous reset capability.  It is suggested to recode or change these registers to remove the reset or use a synchronous reset to get the best optimization for performance, power and area.
Related violations: <none>

DPIR-2#242 Warning
Asynchronous driver check  
DSP core_inst/core_inst/core_pcie_inst/core_inst/app.app_block_inst/u_tiara_core/u_mp/u_alu/mul_pipe0__6 input pin core_inst/core_inst/core_pcie_inst/core_inst/app.app_block_inst/u_tiara_core/u_mp/u_alu/mul_pipe0__6/A[4] is connected to registers with an asynchronous reset. This is preventing the possibility of merging these registers in to the DSP Block since the DSP block registers only possess synchronous reset capability.  It is suggested to recode or change these registers to remove the reset or use a synchronous reset to get the best optimization for performance, power and area.
Related violations: <none>

DPIR-2#243 Warning
Asynchronous driver check  
DSP core_inst/core_inst/core_pcie_inst/core_inst/app.app_block_inst/u_tiara_core/u_mp/u_alu/mul_pipe0__6 input pin core_inst/core_inst/core_pcie_inst/core_inst/app.app_block_inst/u_tiara_core/u_mp/u_alu/mul_pipe0__6/A[5] is connected to registers with an asynchronous reset. This is preventing the possibility of merging these registers in to the DSP Block since the DSP block registers only possess synchronous reset capability.  It is suggested to recode or change these registers to remove the reset or use a synchronous reset to get the best optimization for performance, power and area.
Related violations: <none>

DPIR-2#244 Warning
Asynchronous driver check  
DSP core_inst/core_inst/core_pcie_inst/core_inst/app.app_block_inst/u_tiara_core/u_mp/u_alu/mul_pipe0__6 input pin core_inst/core_inst/core_pcie_inst/core_inst/app.app_block_inst/u_tiara_core/u_mp/u_alu/mul_pipe0__6/A[6] is connected to registers with an asynchronous reset. This is preventing the possibility of merging these registers in to the DSP Block since the DSP block registers only possess synchronous reset capability.  It is suggested to recode or change these registers to remove the reset or use a synchronous reset to get the best optimization for performance, power and area.
Related violations: <none>

DPIR-2#245 Warning
Asynchronous driver check  
DSP core_inst/core_inst/core_pcie_inst/core_inst/app.app_block_inst/u_tiara_core/u_mp/u_alu/mul_pipe0__6 input pin core_inst/core_inst/core_pcie_inst/core_inst/app.app_block_inst/u_tiara_core/u_mp/u_alu/mul_pipe0__6/A[7] is connected to registers with an asynchronous reset. This is preventing the possibility of merging these registers in to the DSP Block since the DSP block registers only possess synchronous reset capability.  It is suggested to recode or change these registers to remove the reset or use a synchronous reset to get the best optimization for performance, power and area.
Related violations: <none>

DPIR-2#246 Warning
Asynchronous driver check  
DSP core_inst/core_inst/core_pcie_inst/core_inst/app.app_block_inst/u_tiara_core/u_mp/u_alu/mul_pipe0__6 input pin core_inst/core_inst/core_pcie_inst/core_inst/app.app_block_inst/u_tiara_core/u_mp/u_alu/mul_pipe0__6/A[8] is connected to registers with an asynchronous reset. This is preventing the possibility of merging these registers in to the DSP Block since the DSP block registers only possess synchronous reset capability.  It is suggested to recode or change these registers to remove the reset or use a synchronous reset to get the best optimization for performance, power and area.
Related violations: <none>

DPIR-2#247 Warning
Asynchronous driver check  
DSP core_inst/core_inst/core_pcie_inst/core_inst/app.app_block_inst/u_tiara_core/u_mp/u_alu/mul_pipe0__6 input pin core_inst/core_inst/core_pcie_inst/core_inst/app.app_block_inst/u_tiara_core/u_mp/u_alu/mul_pipe0__6/A[9] is connected to registers with an asynchronous reset. This is preventing the possibility of merging these registers in to the DSP Block since the DSP block registers only possess synchronous reset capability.  It is suggested to recode or change these registers to remove the reset or use a synchronous reset to get the best optimization for performance, power and area.
Related violations: <none>

DPIR-2#248 Warning
Asynchronous driver check  
DSP core_inst/core_inst/core_pcie_inst/core_inst/app.app_block_inst/u_tiara_core/u_mp/u_alu/mul_pipe0__6 input pin core_inst/core_inst/core_pcie_inst/core_inst/app.app_block_inst/u_tiara_core/u_mp/u_alu/mul_pipe0__6/B[0] is connected to registers with an asynchronous reset. This is preventing the possibility of merging these registers in to the DSP Block since the DSP block registers only possess synchronous reset capability.  It is suggested to recode or change these registers to remove the reset or use a synchronous reset to get the best optimization for performance, power and area.
Related violations: <none>

DPIR-2#249 Warning
Asynchronous driver check  
DSP core_inst/core_inst/core_pcie_inst/core_inst/app.app_block_inst/u_tiara_core/u_mp/u_alu/mul_pipe0__6 input pin core_inst/core_inst/core_pcie_inst/core_inst/app.app_block_inst/u_tiara_core/u_mp/u_alu/mul_pipe0__6/B[10] is connected to registers with an asynchronous reset. This is preventing the possibility of merging these registers in to the DSP Block since the DSP block registers only possess synchronous reset capability.  It is suggested to recode or change these registers to remove the reset or use a synchronous reset to get the best optimization for performance, power and area.
Related violations: <none>

DPIR-2#250 Warning
Asynchronous driver check  
DSP core_inst/core_inst/core_pcie_inst/core_inst/app.app_block_inst/u_tiara_core/u_mp/u_alu/mul_pipe0__6 input pin core_inst/core_inst/core_pcie_inst/core_inst/app.app_block_inst/u_tiara_core/u_mp/u_alu/mul_pipe0__6/B[11] is connected to registers with an asynchronous reset. This is preventing the possibility of merging these registers in to the DSP Block since the DSP block registers only possess synchronous reset capability.  It is suggested to recode or change these registers to remove the reset or use a synchronous reset to get the best optimization for performance, power and area.
Related violations: <none>

DPIR-2#251 Warning
Asynchronous driver check  
DSP core_inst/core_inst/core_pcie_inst/core_inst/app.app_block_inst/u_tiara_core/u_mp/u_alu/mul_pipe0__6 input pin core_inst/core_inst/core_pcie_inst/core_inst/app.app_block_inst/u_tiara_core/u_mp/u_alu/mul_pipe0__6/B[12] is connected to registers with an asynchronous reset. This is preventing the possibility of merging these registers in to the DSP Block since the DSP block registers only possess synchronous reset capability.  It is suggested to recode or change these registers to remove the reset or use a synchronous reset to get the best optimization for performance, power and area.
Related violations: <none>

DPIR-2#252 Warning
Asynchronous driver check  
DSP core_inst/core_inst/core_pcie_inst/core_inst/app.app_block_inst/u_tiara_core/u_mp/u_alu/mul_pipe0__6 input pin core_inst/core_inst/core_pcie_inst/core_inst/app.app_block_inst/u_tiara_core/u_mp/u_alu/mul_pipe0__6/B[13] is connected to registers with an asynchronous reset. This is preventing the possibility of merging these registers in to the DSP Block since the DSP block registers only possess synchronous reset capability.  It is suggested to recode or change these registers to remove the reset or use a synchronous reset to get the best optimization for performance, power and area.
Related violations: <none>

DPIR-2#253 Warning
Asynchronous driver check  
DSP core_inst/core_inst/core_pcie_inst/core_inst/app.app_block_inst/u_tiara_core/u_mp/u_alu/mul_pipe0__6 input pin core_inst/core_inst/core_pcie_inst/core_inst/app.app_block_inst/u_tiara_core/u_mp/u_alu/mul_pipe0__6/B[14] is connected to registers with an asynchronous reset. This is preventing the possibility of merging these registers in to the DSP Block since the DSP block registers only possess synchronous reset capability.  It is suggested to recode or change these registers to remove the reset or use a synchronous reset to get the best optimization for performance, power and area.
Related violations: <none>

DPIR-2#254 Warning
Asynchronous driver check  
DSP core_inst/core_inst/core_pcie_inst/core_inst/app.app_block_inst/u_tiara_core/u_mp/u_alu/mul_pipe0__6 input pin core_inst/core_inst/core_pcie_inst/core_inst/app.app_block_inst/u_tiara_core/u_mp/u_alu/mul_pipe0__6/B[15] is connected to registers with an asynchronous reset. This is preventing the possibility of merging these registers in to the DSP Block since the DSP block registers only possess synchronous reset capability.  It is suggested to recode or change these registers to remove the reset or use a synchronous reset to get the best optimization for performance, power and area.
Related violations: <none>

DPIR-2#255 Warning
Asynchronous driver check  
DSP core_inst/core_inst/core_pcie_inst/core_inst/app.app_block_inst/u_tiara_core/u_mp/u_alu/mul_pipe0__6 input pin core_inst/core_inst/core_pcie_inst/core_inst/app.app_block_inst/u_tiara_core/u_mp/u_alu/mul_pipe0__6/B[16] is connected to registers with an asynchronous reset. This is preventing the possibility of merging these registers in to the DSP Block since the DSP block registers only possess synchronous reset capability.  It is suggested to recode or change these registers to remove the reset or use a synchronous reset to get the best optimization for performance, power and area.
Related violations: <none>

DPIR-2#256 Warning
Asynchronous driver check  
DSP core_inst/core_inst/core_pcie_inst/core_inst/app.app_block_inst/u_tiara_core/u_mp/u_alu/mul_pipe0__6 input pin core_inst/core_inst/core_pcie_inst/core_inst/app.app_block_inst/u_tiara_core/u_mp/u_alu/mul_pipe0__6/B[1] is connected to registers with an asynchronous reset. This is preventing the possibility of merging these registers in to the DSP Block since the DSP block registers only possess synchronous reset capability.  It is suggested to recode or change these registers to remove the reset or use a synchronous reset to get the best optimization for performance, power and area.
Related violations: <none>

DPIR-2#257 Warning
Asynchronous driver check  
DSP core_inst/core_inst/core_pcie_inst/core_inst/app.app_block_inst/u_tiara_core/u_mp/u_alu/mul_pipe0__6 input pin core_inst/core_inst/core_pcie_inst/core_inst/app.app_block_inst/u_tiara_core/u_mp/u_alu/mul_pipe0__6/B[2] is connected to registers with an asynchronous reset. This is preventing the possibility of merging these registers in to the DSP Block since the DSP block registers only possess synchronous reset capability.  It is suggested to recode or change these registers to remove the reset or use a synchronous reset to get the best optimization for performance, power and area.
Related violations: <none>

DPIR-2#258 Warning
Asynchronous driver check  
DSP core_inst/core_inst/core_pcie_inst/core_inst/app.app_block_inst/u_tiara_core/u_mp/u_alu/mul_pipe0__6 input pin core_inst/core_inst/core_pcie_inst/core_inst/app.app_block_inst/u_tiara_core/u_mp/u_alu/mul_pipe0__6/B[3] is connected to registers with an asynchronous reset. This is preventing the possibility of merging these registers in to the DSP Block since the DSP block registers only possess synchronous reset capability.  It is suggested to recode or change these registers to remove the reset or use a synchronous reset to get the best optimization for performance, power and area.
Related violations: <none>

DPIR-2#259 Warning
Asynchronous driver check  
DSP core_inst/core_inst/core_pcie_inst/core_inst/app.app_block_inst/u_tiara_core/u_mp/u_alu/mul_pipe0__6 input pin core_inst/core_inst/core_pcie_inst/core_inst/app.app_block_inst/u_tiara_core/u_mp/u_alu/mul_pipe0__6/B[4] is connected to registers with an asynchronous reset. This is preventing the possibility of merging these registers in to the DSP Block since the DSP block registers only possess synchronous reset capability.  It is suggested to recode or change these registers to remove the reset or use a synchronous reset to get the best optimization for performance, power and area.
Related violations: <none>

DPIR-2#260 Warning
Asynchronous driver check  
DSP core_inst/core_inst/core_pcie_inst/core_inst/app.app_block_inst/u_tiara_core/u_mp/u_alu/mul_pipe0__6 input pin core_inst/core_inst/core_pcie_inst/core_inst/app.app_block_inst/u_tiara_core/u_mp/u_alu/mul_pipe0__6/B[5] is connected to registers with an asynchronous reset. This is preventing the possibility of merging these registers in to the DSP Block since the DSP block registers only possess synchronous reset capability.  It is suggested to recode or change these registers to remove the reset or use a synchronous reset to get the best optimization for performance, power and area.
Related violations: <none>

DPIR-2#261 Warning
Asynchronous driver check  
DSP core_inst/core_inst/core_pcie_inst/core_inst/app.app_block_inst/u_tiara_core/u_mp/u_alu/mul_pipe0__6 input pin core_inst/core_inst/core_pcie_inst/core_inst/app.app_block_inst/u_tiara_core/u_mp/u_alu/mul_pipe0__6/B[6] is connected to registers with an asynchronous reset. This is preventing the possibility of merging these registers in to the DSP Block since the DSP block registers only possess synchronous reset capability.  It is suggested to recode or change these registers to remove the reset or use a synchronous reset to get the best optimization for performance, power and area.
Related violations: <none>

DPIR-2#262 Warning
Asynchronous driver check  
DSP core_inst/core_inst/core_pcie_inst/core_inst/app.app_block_inst/u_tiara_core/u_mp/u_alu/mul_pipe0__6 input pin core_inst/core_inst/core_pcie_inst/core_inst/app.app_block_inst/u_tiara_core/u_mp/u_alu/mul_pipe0__6/B[7] is connected to registers with an asynchronous reset. This is preventing the possibility of merging these registers in to the DSP Block since the DSP block registers only possess synchronous reset capability.  It is suggested to recode or change these registers to remove the reset or use a synchronous reset to get the best optimization for performance, power and area.
Related violations: <none>

DPIR-2#263 Warning
Asynchronous driver check  
DSP core_inst/core_inst/core_pcie_inst/core_inst/app.app_block_inst/u_tiara_core/u_mp/u_alu/mul_pipe0__6 input pin core_inst/core_inst/core_pcie_inst/core_inst/app.app_block_inst/u_tiara_core/u_mp/u_alu/mul_pipe0__6/B[8] is connected to registers with an asynchronous reset. This is preventing the possibility of merging these registers in to the DSP Block since the DSP block registers only possess synchronous reset capability.  It is suggested to recode or change these registers to remove the reset or use a synchronous reset to get the best optimization for performance, power and area.
Related violations: <none>

DPIR-2#264 Warning
Asynchronous driver check  
DSP core_inst/core_inst/core_pcie_inst/core_inst/app.app_block_inst/u_tiara_core/u_mp/u_alu/mul_pipe0__6 input pin core_inst/core_inst/core_pcie_inst/core_inst/app.app_block_inst/u_tiara_core/u_mp/u_alu/mul_pipe0__6/B[9] is connected to registers with an asynchronous reset. This is preventing the possibility of merging these registers in to the DSP Block since the DSP block registers only possess synchronous reset capability.  It is suggested to recode or change these registers to remove the reset or use a synchronous reset to get the best optimization for performance, power and area.
Related violations: <none>

DPIR-2#265 Warning
Asynchronous driver check  
DSP core_inst/core_inst/core_pcie_inst/core_inst/app.app_block_inst/u_tiara_core/u_mp/u_alu/mul_pipe0__7 input pin core_inst/core_inst/core_pcie_inst/core_inst/app.app_block_inst/u_tiara_core/u_mp/u_alu/mul_pipe0__7/A[0] is connected to registers with an asynchronous reset. This is preventing the possibility of merging these registers in to the DSP Block since the DSP block registers only possess synchronous reset capability.  It is suggested to recode or change these registers to remove the reset or use a synchronous reset to get the best optimization for performance, power and area.
Related violations: <none>

DPIR-2#266 Warning
Asynchronous driver check  
DSP core_inst/core_inst/core_pcie_inst/core_inst/app.app_block_inst/u_tiara_core/u_mp/u_alu/mul_pipe0__7 input pin core_inst/core_inst/core_pcie_inst/core_inst/app.app_block_inst/u_tiara_core/u_mp/u_alu/mul_pipe0__7/A[10] is connected to registers with an asynchronous reset. This is preventing the possibility of merging these registers in to the DSP Block since the DSP block registers only possess synchronous reset capability.  It is suggested to recode or change these registers to remove the reset or use a synchronous reset to get the best optimization for performance, power and area.
Related violations: <none>

DPIR-2#267 Warning
Asynchronous driver check  
DSP core_inst/core_inst/core_pcie_inst/core_inst/app.app_block_inst/u_tiara_core/u_mp/u_alu/mul_pipe0__7 input pin core_inst/core_inst/core_pcie_inst/core_inst/app.app_block_inst/u_tiara_core/u_mp/u_alu/mul_pipe0__7/A[11] is connected to registers with an asynchronous reset. This is preventing the possibility of merging these registers in to the DSP Block since the DSP block registers only possess synchronous reset capability.  It is suggested to recode or change these registers to remove the reset or use a synchronous reset to get the best optimization for performance, power and area.
Related violations: <none>

DPIR-2#268 Warning
Asynchronous driver check  
DSP core_inst/core_inst/core_pcie_inst/core_inst/app.app_block_inst/u_tiara_core/u_mp/u_alu/mul_pipe0__7 input pin core_inst/core_inst/core_pcie_inst/core_inst/app.app_block_inst/u_tiara_core/u_mp/u_alu/mul_pipe0__7/A[12] is connected to registers with an asynchronous reset. This is preventing the possibility of merging these registers in to the DSP Block since the DSP block registers only possess synchronous reset capability.  It is suggested to recode or change these registers to remove the reset or use a synchronous reset to get the best optimization for performance, power and area.
Related violations: <none>

DPIR-2#269 Warning
Asynchronous driver check  
DSP core_inst/core_inst/core_pcie_inst/core_inst/app.app_block_inst/u_tiara_core/u_mp/u_alu/mul_pipe0__7 input pin core_inst/core_inst/core_pcie_inst/core_inst/app.app_block_inst/u_tiara_core/u_mp/u_alu/mul_pipe0__7/A[13] is connected to registers with an asynchronous reset. This is preventing the possibility of merging these registers in to the DSP Block since the DSP block registers only possess synchronous reset capability.  It is suggested to recode or change these registers to remove the reset or use a synchronous reset to get the best optimization for performance, power and area.
Related violations: <none>

DPIR-2#270 Warning
Asynchronous driver check  
DSP core_inst/core_inst/core_pcie_inst/core_inst/app.app_block_inst/u_tiara_core/u_mp/u_alu/mul_pipe0__7 input pin core_inst/core_inst/core_pcie_inst/core_inst/app.app_block_inst/u_tiara_core/u_mp/u_alu/mul_pipe0__7/A[14] is connected to registers with an asynchronous reset. This is preventing the possibility of merging these registers in to the DSP Block since the DSP block registers only possess synchronous reset capability.  It is suggested to recode or change these registers to remove the reset or use a synchronous reset to get the best optimization for performance, power and area.
Related violations: <none>

DPIR-2#271 Warning
Asynchronous driver check  
DSP core_inst/core_inst/core_pcie_inst/core_inst/app.app_block_inst/u_tiara_core/u_mp/u_alu/mul_pipe0__7 input pin core_inst/core_inst/core_pcie_inst/core_inst/app.app_block_inst/u_tiara_core/u_mp/u_alu/mul_pipe0__7/A[15] is connected to registers with an asynchronous reset. This is preventing the possibility of merging these registers in to the DSP Block since the DSP block registers only possess synchronous reset capability.  It is suggested to recode or change these registers to remove the reset or use a synchronous reset to get the best optimization for performance, power and area.
Related violations: <none>

DPIR-2#272 Warning
Asynchronous driver check  
DSP core_inst/core_inst/core_pcie_inst/core_inst/app.app_block_inst/u_tiara_core/u_mp/u_alu/mul_pipe0__7 input pin core_inst/core_inst/core_pcie_inst/core_inst/app.app_block_inst/u_tiara_core/u_mp/u_alu/mul_pipe0__7/A[16] is connected to registers with an asynchronous reset. This is preventing the possibility of merging these registers in to the DSP Block since the DSP block registers only possess synchronous reset capability.  It is suggested to recode or change these registers to remove the reset or use a synchronous reset to get the best optimization for performance, power and area.
Related violations: <none>

DPIR-2#273 Warning
Asynchronous driver check  
DSP core_inst/core_inst/core_pcie_inst/core_inst/app.app_block_inst/u_tiara_core/u_mp/u_alu/mul_pipe0__7 input pin core_inst/core_inst/core_pcie_inst/core_inst/app.app_block_inst/u_tiara_core/u_mp/u_alu/mul_pipe0__7/A[1] is connected to registers with an asynchronous reset. This is preventing the possibility of merging these registers in to the DSP Block since the DSP block registers only possess synchronous reset capability.  It is suggested to recode or change these registers to remove the reset or use a synchronous reset to get the best optimization for performance, power and area.
Related violations: <none>

DPIR-2#274 Warning
Asynchronous driver check  
DSP core_inst/core_inst/core_pcie_inst/core_inst/app.app_block_inst/u_tiara_core/u_mp/u_alu/mul_pipe0__7 input pin core_inst/core_inst/core_pcie_inst/core_inst/app.app_block_inst/u_tiara_core/u_mp/u_alu/mul_pipe0__7/A[2] is connected to registers with an asynchronous reset. This is preventing the possibility of merging these registers in to the DSP Block since the DSP block registers only possess synchronous reset capability.  It is suggested to recode or change these registers to remove the reset or use a synchronous reset to get the best optimization for performance, power and area.
Related violations: <none>

DPIR-2#275 Warning
Asynchronous driver check  
DSP core_inst/core_inst/core_pcie_inst/core_inst/app.app_block_inst/u_tiara_core/u_mp/u_alu/mul_pipe0__7 input pin core_inst/core_inst/core_pcie_inst/core_inst/app.app_block_inst/u_tiara_core/u_mp/u_alu/mul_pipe0__7/A[3] is connected to registers with an asynchronous reset. This is preventing the possibility of merging these registers in to the DSP Block since the DSP block registers only possess synchronous reset capability.  It is suggested to recode or change these registers to remove the reset or use a synchronous reset to get the best optimization for performance, power and area.
Related violations: <none>

DPIR-2#276 Warning
Asynchronous driver check  
DSP core_inst/core_inst/core_pcie_inst/core_inst/app.app_block_inst/u_tiara_core/u_mp/u_alu/mul_pipe0__7 input pin core_inst/core_inst/core_pcie_inst/core_inst/app.app_block_inst/u_tiara_core/u_mp/u_alu/mul_pipe0__7/A[4] is connected to registers with an asynchronous reset. This is preventing the possibility of merging these registers in to the DSP Block since the DSP block registers only possess synchronous reset capability.  It is suggested to recode or change these registers to remove the reset or use a synchronous reset to get the best optimization for performance, power and area.
Related violations: <none>

DPIR-2#277 Warning
Asynchronous driver check  
DSP core_inst/core_inst/core_pcie_inst/core_inst/app.app_block_inst/u_tiara_core/u_mp/u_alu/mul_pipe0__7 input pin core_inst/core_inst/core_pcie_inst/core_inst/app.app_block_inst/u_tiara_core/u_mp/u_alu/mul_pipe0__7/A[5] is connected to registers with an asynchronous reset. This is preventing the possibility of merging these registers in to the DSP Block since the DSP block registers only possess synchronous reset capability.  It is suggested to recode or change these registers to remove the reset or use a synchronous reset to get the best optimization for performance, power and area.
Related violations: <none>

DPIR-2#278 Warning
Asynchronous driver check  
DSP core_inst/core_inst/core_pcie_inst/core_inst/app.app_block_inst/u_tiara_core/u_mp/u_alu/mul_pipe0__7 input pin core_inst/core_inst/core_pcie_inst/core_inst/app.app_block_inst/u_tiara_core/u_mp/u_alu/mul_pipe0__7/A[6] is connected to registers with an asynchronous reset. This is preventing the possibility of merging these registers in to the DSP Block since the DSP block registers only possess synchronous reset capability.  It is suggested to recode or change these registers to remove the reset or use a synchronous reset to get the best optimization for performance, power and area.
Related violations: <none>

DPIR-2#279 Warning
Asynchronous driver check  
DSP core_inst/core_inst/core_pcie_inst/core_inst/app.app_block_inst/u_tiara_core/u_mp/u_alu/mul_pipe0__7 input pin core_inst/core_inst/core_pcie_inst/core_inst/app.app_block_inst/u_tiara_core/u_mp/u_alu/mul_pipe0__7/A[7] is connected to registers with an asynchronous reset. This is preventing the possibility of merging these registers in to the DSP Block since the DSP block registers only possess synchronous reset capability.  It is suggested to recode or change these registers to remove the reset or use a synchronous reset to get the best optimization for performance, power and area.
Related violations: <none>

DPIR-2#280 Warning
Asynchronous driver check  
DSP core_inst/core_inst/core_pcie_inst/core_inst/app.app_block_inst/u_tiara_core/u_mp/u_alu/mul_pipe0__7 input pin core_inst/core_inst/core_pcie_inst/core_inst/app.app_block_inst/u_tiara_core/u_mp/u_alu/mul_pipe0__7/A[8] is connected to registers with an asynchronous reset. This is preventing the possibility of merging these registers in to the DSP Block since the DSP block registers only possess synchronous reset capability.  It is suggested to recode or change these registers to remove the reset or use a synchronous reset to get the best optimization for performance, power and area.
Related violations: <none>

DPIR-2#281 Warning
Asynchronous driver check  
DSP core_inst/core_inst/core_pcie_inst/core_inst/app.app_block_inst/u_tiara_core/u_mp/u_alu/mul_pipe0__7 input pin core_inst/core_inst/core_pcie_inst/core_inst/app.app_block_inst/u_tiara_core/u_mp/u_alu/mul_pipe0__7/A[9] is connected to registers with an asynchronous reset. This is preventing the possibility of merging these registers in to the DSP Block since the DSP block registers only possess synchronous reset capability.  It is suggested to recode or change these registers to remove the reset or use a synchronous reset to get the best optimization for performance, power and area.
Related violations: <none>

DPIR-2#282 Warning
Asynchronous driver check  
DSP core_inst/core_inst/core_pcie_inst/core_inst/app.app_block_inst/u_tiara_core/u_mp/u_alu/mul_pipe0__7 input pin core_inst/core_inst/core_pcie_inst/core_inst/app.app_block_inst/u_tiara_core/u_mp/u_alu/mul_pipe0__7/B[0] is connected to registers with an asynchronous reset. This is preventing the possibility of merging these registers in to the DSP Block since the DSP block registers only possess synchronous reset capability.  It is suggested to recode or change these registers to remove the reset or use a synchronous reset to get the best optimization for performance, power and area.
Related violations: <none>

DPIR-2#283 Warning
Asynchronous driver check  
DSP core_inst/core_inst/core_pcie_inst/core_inst/app.app_block_inst/u_tiara_core/u_mp/u_alu/mul_pipe0__7 input pin core_inst/core_inst/core_pcie_inst/core_inst/app.app_block_inst/u_tiara_core/u_mp/u_alu/mul_pipe0__7/B[10] is connected to registers with an asynchronous reset. This is preventing the possibility of merging these registers in to the DSP Block since the DSP block registers only possess synchronous reset capability.  It is suggested to recode or change these registers to remove the reset or use a synchronous reset to get the best optimization for performance, power and area.
Related violations: <none>

DPIR-2#284 Warning
Asynchronous driver check  
DSP core_inst/core_inst/core_pcie_inst/core_inst/app.app_block_inst/u_tiara_core/u_mp/u_alu/mul_pipe0__7 input pin core_inst/core_inst/core_pcie_inst/core_inst/app.app_block_inst/u_tiara_core/u_mp/u_alu/mul_pipe0__7/B[11] is connected to registers with an asynchronous reset. This is preventing the possibility of merging these registers in to the DSP Block since the DSP block registers only possess synchronous reset capability.  It is suggested to recode or change these registers to remove the reset or use a synchronous reset to get the best optimization for performance, power and area.
Related violations: <none>

DPIR-2#285 Warning
Asynchronous driver check  
DSP core_inst/core_inst/core_pcie_inst/core_inst/app.app_block_inst/u_tiara_core/u_mp/u_alu/mul_pipe0__7 input pin core_inst/core_inst/core_pcie_inst/core_inst/app.app_block_inst/u_tiara_core/u_mp/u_alu/mul_pipe0__7/B[12] is connected to registers with an asynchronous reset. This is preventing the possibility of merging these registers in to the DSP Block since the DSP block registers only possess synchronous reset capability.  It is suggested to recode or change these registers to remove the reset or use a synchronous reset to get the best optimization for performance, power and area.
Related violations: <none>

DPIR-2#286 Warning
Asynchronous driver check  
DSP core_inst/core_inst/core_pcie_inst/core_inst/app.app_block_inst/u_tiara_core/u_mp/u_alu/mul_pipe0__7 input pin core_inst/core_inst/core_pcie_inst/core_inst/app.app_block_inst/u_tiara_core/u_mp/u_alu/mul_pipe0__7/B[13] is connected to registers with an asynchronous reset. This is preventing the possibility of merging these registers in to the DSP Block since the DSP block registers only possess synchronous reset capability.  It is suggested to recode or change these registers to remove the reset or use a synchronous reset to get the best optimization for performance, power and area.
Related violations: <none>

DPIR-2#287 Warning
Asynchronous driver check  
DSP core_inst/core_inst/core_pcie_inst/core_inst/app.app_block_inst/u_tiara_core/u_mp/u_alu/mul_pipe0__7 input pin core_inst/core_inst/core_pcie_inst/core_inst/app.app_block_inst/u_tiara_core/u_mp/u_alu/mul_pipe0__7/B[14] is connected to registers with an asynchronous reset. This is preventing the possibility of merging these registers in to the DSP Block since the DSP block registers only possess synchronous reset capability.  It is suggested to recode or change these registers to remove the reset or use a synchronous reset to get the best optimization for performance, power and area.
Related violations: <none>

DPIR-2#288 Warning
Asynchronous driver check  
DSP core_inst/core_inst/core_pcie_inst/core_inst/app.app_block_inst/u_tiara_core/u_mp/u_alu/mul_pipe0__7 input pin core_inst/core_inst/core_pcie_inst/core_inst/app.app_block_inst/u_tiara_core/u_mp/u_alu/mul_pipe0__7/B[15] is connected to registers with an asynchronous reset. This is preventing the possibility of merging these registers in to the DSP Block since the DSP block registers only possess synchronous reset capability.  It is suggested to recode or change these registers to remove the reset or use a synchronous reset to get the best optimization for performance, power and area.
Related violations: <none>

DPIR-2#289 Warning
Asynchronous driver check  
DSP core_inst/core_inst/core_pcie_inst/core_inst/app.app_block_inst/u_tiara_core/u_mp/u_alu/mul_pipe0__7 input pin core_inst/core_inst/core_pcie_inst/core_inst/app.app_block_inst/u_tiara_core/u_mp/u_alu/mul_pipe0__7/B[16] is connected to registers with an asynchronous reset. This is preventing the possibility of merging these registers in to the DSP Block since the DSP block registers only possess synchronous reset capability.  It is suggested to recode or change these registers to remove the reset or use a synchronous reset to get the best optimization for performance, power and area.
Related violations: <none>

DPIR-2#290 Warning
Asynchronous driver check  
DSP core_inst/core_inst/core_pcie_inst/core_inst/app.app_block_inst/u_tiara_core/u_mp/u_alu/mul_pipe0__7 input pin core_inst/core_inst/core_pcie_inst/core_inst/app.app_block_inst/u_tiara_core/u_mp/u_alu/mul_pipe0__7/B[1] is connected to registers with an asynchronous reset. This is preventing the possibility of merging these registers in to the DSP Block since the DSP block registers only possess synchronous reset capability.  It is suggested to recode or change these registers to remove the reset or use a synchronous reset to get the best optimization for performance, power and area.
Related violations: <none>

DPIR-2#291 Warning
Asynchronous driver check  
DSP core_inst/core_inst/core_pcie_inst/core_inst/app.app_block_inst/u_tiara_core/u_mp/u_alu/mul_pipe0__7 input pin core_inst/core_inst/core_pcie_inst/core_inst/app.app_block_inst/u_tiara_core/u_mp/u_alu/mul_pipe0__7/B[2] is connected to registers with an asynchronous reset. This is preventing the possibility of merging these registers in to the DSP Block since the DSP block registers only possess synchronous reset capability.  It is suggested to recode or change these registers to remove the reset or use a synchronous reset to get the best optimization for performance, power and area.
Related violations: <none>

DPIR-2#292 Warning
Asynchronous driver check  
DSP core_inst/core_inst/core_pcie_inst/core_inst/app.app_block_inst/u_tiara_core/u_mp/u_alu/mul_pipe0__7 input pin core_inst/core_inst/core_pcie_inst/core_inst/app.app_block_inst/u_tiara_core/u_mp/u_alu/mul_pipe0__7/B[3] is connected to registers with an asynchronous reset. This is preventing the possibility of merging these registers in to the DSP Block since the DSP block registers only possess synchronous reset capability.  It is suggested to recode or change these registers to remove the reset or use a synchronous reset to get the best optimization for performance, power and area.
Related violations: <none>

DPIR-2#293 Warning
Asynchronous driver check  
DSP core_inst/core_inst/core_pcie_inst/core_inst/app.app_block_inst/u_tiara_core/u_mp/u_alu/mul_pipe0__7 input pin core_inst/core_inst/core_pcie_inst/core_inst/app.app_block_inst/u_tiara_core/u_mp/u_alu/mul_pipe0__7/B[4] is connected to registers with an asynchronous reset. This is preventing the possibility of merging these registers in to the DSP Block since the DSP block registers only possess synchronous reset capability.  It is suggested to recode or change these registers to remove the reset or use a synchronous reset to get the best optimization for performance, power and area.
Related violations: <none>

DPIR-2#294 Warning
Asynchronous driver check  
DSP core_inst/core_inst/core_pcie_inst/core_inst/app.app_block_inst/u_tiara_core/u_mp/u_alu/mul_pipe0__7 input pin core_inst/core_inst/core_pcie_inst/core_inst/app.app_block_inst/u_tiara_core/u_mp/u_alu/mul_pipe0__7/B[5] is connected to registers with an asynchronous reset. This is preventing the possibility of merging these registers in to the DSP Block since the DSP block registers only possess synchronous reset capability.  It is suggested to recode or change these registers to remove the reset or use a synchronous reset to get the best optimization for performance, power and area.
Related violations: <none>

DPIR-2#295 Warning
Asynchronous driver check  
DSP core_inst/core_inst/core_pcie_inst/core_inst/app.app_block_inst/u_tiara_core/u_mp/u_alu/mul_pipe0__7 input pin core_inst/core_inst/core_pcie_inst/core_inst/app.app_block_inst/u_tiara_core/u_mp/u_alu/mul_pipe0__7/B[6] is connected to registers with an asynchronous reset. This is preventing the possibility of merging these registers in to the DSP Block since the DSP block registers only possess synchronous reset capability.  It is suggested to recode or change these registers to remove the reset or use a synchronous reset to get the best optimization for performance, power and area.
Related violations: <none>

DPIR-2#296 Warning
Asynchronous driver check  
DSP core_inst/core_inst/core_pcie_inst/core_inst/app.app_block_inst/u_tiara_core/u_mp/u_alu/mul_pipe0__7 input pin core_inst/core_inst/core_pcie_inst/core_inst/app.app_block_inst/u_tiara_core/u_mp/u_alu/mul_pipe0__7/B[7] is connected to registers with an asynchronous reset. This is preventing the possibility of merging these registers in to the DSP Block since the DSP block registers only possess synchronous reset capability.  It is suggested to recode or change these registers to remove the reset or use a synchronous reset to get the best optimization for performance, power and area.
Related violations: <none>

DPIR-2#297 Warning
Asynchronous driver check  
DSP core_inst/core_inst/core_pcie_inst/core_inst/app.app_block_inst/u_tiara_core/u_mp/u_alu/mul_pipe0__7 input pin core_inst/core_inst/core_pcie_inst/core_inst/app.app_block_inst/u_tiara_core/u_mp/u_alu/mul_pipe0__7/B[8] is connected to registers with an asynchronous reset. This is preventing the possibility of merging these registers in to the DSP Block since the DSP block registers only possess synchronous reset capability.  It is suggested to recode or change these registers to remove the reset or use a synchronous reset to get the best optimization for performance, power and area.
Related violations: <none>

DPIR-2#298 Warning
Asynchronous driver check  
DSP core_inst/core_inst/core_pcie_inst/core_inst/app.app_block_inst/u_tiara_core/u_mp/u_alu/mul_pipe0__7 input pin core_inst/core_inst/core_pcie_inst/core_inst/app.app_block_inst/u_tiara_core/u_mp/u_alu/mul_pipe0__7/B[9] is connected to registers with an asynchronous reset. This is preventing the possibility of merging these registers in to the DSP Block since the DSP block registers only possess synchronous reset capability.  It is suggested to recode or change these registers to remove the reset or use a synchronous reset to get the best optimization for performance, power and area.
Related violations: <none>

DPIR-2#299 Warning
Asynchronous driver check  
DSP core_inst/core_inst/core_pcie_inst/core_inst/app.app_block_inst/u_tiara_core/u_mp/u_alu/mul_pipe0__8 input pin core_inst/core_inst/core_pcie_inst/core_inst/app.app_block_inst/u_tiara_core/u_mp/u_alu/mul_pipe0__8/A[0] is connected to registers with an asynchronous reset. This is preventing the possibility of merging these registers in to the DSP Block since the DSP block registers only possess synchronous reset capability.  It is suggested to recode or change these registers to remove the reset or use a synchronous reset to get the best optimization for performance, power and area.
Related violations: <none>

DPIR-2#300 Warning
Asynchronous driver check  
DSP core_inst/core_inst/core_pcie_inst/core_inst/app.app_block_inst/u_tiara_core/u_mp/u_alu/mul_pipe0__8 input pin core_inst/core_inst/core_pcie_inst/core_inst/app.app_block_inst/u_tiara_core/u_mp/u_alu/mul_pipe0__8/A[10] is connected to registers with an asynchronous reset. This is preventing the possibility of merging these registers in to the DSP Block since the DSP block registers only possess synchronous reset capability.  It is suggested to recode or change these registers to remove the reset or use a synchronous reset to get the best optimization for performance, power and area.
Related violations: <none>

DPIR-2#301 Warning
Asynchronous driver check  
DSP core_inst/core_inst/core_pcie_inst/core_inst/app.app_block_inst/u_tiara_core/u_mp/u_alu/mul_pipe0__8 input pin core_inst/core_inst/core_pcie_inst/core_inst/app.app_block_inst/u_tiara_core/u_mp/u_alu/mul_pipe0__8/A[11] is connected to registers with an asynchronous reset. This is preventing the possibility of merging these registers in to the DSP Block since the DSP block registers only possess synchronous reset capability.  It is suggested to recode or change these registers to remove the reset or use a synchronous reset to get the best optimization for performance, power and area.
Related violations: <none>

DPIR-2#302 Warning
Asynchronous driver check  
DSP core_inst/core_inst/core_pcie_inst/core_inst/app.app_block_inst/u_tiara_core/u_mp/u_alu/mul_pipe0__8 input pin core_inst/core_inst/core_pcie_inst/core_inst/app.app_block_inst/u_tiara_core/u_mp/u_alu/mul_pipe0__8/A[12] is connected to registers with an asynchronous reset. This is preventing the possibility of merging these registers in to the DSP Block since the DSP block registers only possess synchronous reset capability.  It is suggested to recode or change these registers to remove the reset or use a synchronous reset to get the best optimization for performance, power and area.
Related violations: <none>

DPIR-2#303 Warning
Asynchronous driver check  
DSP core_inst/core_inst/core_pcie_inst/core_inst/app.app_block_inst/u_tiara_core/u_mp/u_alu/mul_pipe0__8 input pin core_inst/core_inst/core_pcie_inst/core_inst/app.app_block_inst/u_tiara_core/u_mp/u_alu/mul_pipe0__8/A[13] is connected to registers with an asynchronous reset. This is preventing the possibility of merging these registers in to the DSP Block since the DSP block registers only possess synchronous reset capability.  It is suggested to recode or change these registers to remove the reset or use a synchronous reset to get the best optimization for performance, power and area.
Related violations: <none>

DPIR-2#304 Warning
Asynchronous driver check  
DSP core_inst/core_inst/core_pcie_inst/core_inst/app.app_block_inst/u_tiara_core/u_mp/u_alu/mul_pipe0__8 input pin core_inst/core_inst/core_pcie_inst/core_inst/app.app_block_inst/u_tiara_core/u_mp/u_alu/mul_pipe0__8/A[14] is connected to registers with an asynchronous reset. This is preventing the possibility of merging these registers in to the DSP Block since the DSP block registers only possess synchronous reset capability.  It is suggested to recode or change these registers to remove the reset or use a synchronous reset to get the best optimization for performance, power and area.
Related violations: <none>

DPIR-2#305 Warning
Asynchronous driver check  
DSP core_inst/core_inst/core_pcie_inst/core_inst/app.app_block_inst/u_tiara_core/u_mp/u_alu/mul_pipe0__8 input pin core_inst/core_inst/core_pcie_inst/core_inst/app.app_block_inst/u_tiara_core/u_mp/u_alu/mul_pipe0__8/A[15] is connected to registers with an asynchronous reset. This is preventing the possibility of merging these registers in to the DSP Block since the DSP block registers only possess synchronous reset capability.  It is suggested to recode or change these registers to remove the reset or use a synchronous reset to get the best optimization for performance, power and area.
Related violations: <none>

DPIR-2#306 Warning
Asynchronous driver check  
DSP core_inst/core_inst/core_pcie_inst/core_inst/app.app_block_inst/u_tiara_core/u_mp/u_alu/mul_pipe0__8 input pin core_inst/core_inst/core_pcie_inst/core_inst/app.app_block_inst/u_tiara_core/u_mp/u_alu/mul_pipe0__8/A[16] is connected to registers with an asynchronous reset. This is preventing the possibility of merging these registers in to the DSP Block since the DSP block registers only possess synchronous reset capability.  It is suggested to recode or change these registers to remove the reset or use a synchronous reset to get the best optimization for performance, power and area.
Related violations: <none>

DPIR-2#307 Warning
Asynchronous driver check  
DSP core_inst/core_inst/core_pcie_inst/core_inst/app.app_block_inst/u_tiara_core/u_mp/u_alu/mul_pipe0__8 input pin core_inst/core_inst/core_pcie_inst/core_inst/app.app_block_inst/u_tiara_core/u_mp/u_alu/mul_pipe0__8/A[1] is connected to registers with an asynchronous reset. This is preventing the possibility of merging these registers in to the DSP Block since the DSP block registers only possess synchronous reset capability.  It is suggested to recode or change these registers to remove the reset or use a synchronous reset to get the best optimization for performance, power and area.
Related violations: <none>

DPIR-2#308 Warning
Asynchronous driver check  
DSP core_inst/core_inst/core_pcie_inst/core_inst/app.app_block_inst/u_tiara_core/u_mp/u_alu/mul_pipe0__8 input pin core_inst/core_inst/core_pcie_inst/core_inst/app.app_block_inst/u_tiara_core/u_mp/u_alu/mul_pipe0__8/A[2] is connected to registers with an asynchronous reset. This is preventing the possibility of merging these registers in to the DSP Block since the DSP block registers only possess synchronous reset capability.  It is suggested to recode or change these registers to remove the reset or use a synchronous reset to get the best optimization for performance, power and area.
Related violations: <none>

DPIR-2#309 Warning
Asynchronous driver check  
DSP core_inst/core_inst/core_pcie_inst/core_inst/app.app_block_inst/u_tiara_core/u_mp/u_alu/mul_pipe0__8 input pin core_inst/core_inst/core_pcie_inst/core_inst/app.app_block_inst/u_tiara_core/u_mp/u_alu/mul_pipe0__8/A[3] is connected to registers with an asynchronous reset. This is preventing the possibility of merging these registers in to the DSP Block since the DSP block registers only possess synchronous reset capability.  It is suggested to recode or change these registers to remove the reset or use a synchronous reset to get the best optimization for performance, power and area.
Related violations: <none>

DPIR-2#310 Warning
Asynchronous driver check  
DSP core_inst/core_inst/core_pcie_inst/core_inst/app.app_block_inst/u_tiara_core/u_mp/u_alu/mul_pipe0__8 input pin core_inst/core_inst/core_pcie_inst/core_inst/app.app_block_inst/u_tiara_core/u_mp/u_alu/mul_pipe0__8/A[4] is connected to registers with an asynchronous reset. This is preventing the possibility of merging these registers in to the DSP Block since the DSP block registers only possess synchronous reset capability.  It is suggested to recode or change these registers to remove the reset or use a synchronous reset to get the best optimization for performance, power and area.
Related violations: <none>

DPIR-2#311 Warning
Asynchronous driver check  
DSP core_inst/core_inst/core_pcie_inst/core_inst/app.app_block_inst/u_tiara_core/u_mp/u_alu/mul_pipe0__8 input pin core_inst/core_inst/core_pcie_inst/core_inst/app.app_block_inst/u_tiara_core/u_mp/u_alu/mul_pipe0__8/A[5] is connected to registers with an asynchronous reset. This is preventing the possibility of merging these registers in to the DSP Block since the DSP block registers only possess synchronous reset capability.  It is suggested to recode or change these registers to remove the reset or use a synchronous reset to get the best optimization for performance, power and area.
Related violations: <none>

DPIR-2#312 Warning
Asynchronous driver check  
DSP core_inst/core_inst/core_pcie_inst/core_inst/app.app_block_inst/u_tiara_core/u_mp/u_alu/mul_pipe0__8 input pin core_inst/core_inst/core_pcie_inst/core_inst/app.app_block_inst/u_tiara_core/u_mp/u_alu/mul_pipe0__8/A[6] is connected to registers with an asynchronous reset. This is preventing the possibility of merging these registers in to the DSP Block since the DSP block registers only possess synchronous reset capability.  It is suggested to recode or change these registers to remove the reset or use a synchronous reset to get the best optimization for performance, power and area.
Related violations: <none>

DPIR-2#313 Warning
Asynchronous driver check  
DSP core_inst/core_inst/core_pcie_inst/core_inst/app.app_block_inst/u_tiara_core/u_mp/u_alu/mul_pipe0__8 input pin core_inst/core_inst/core_pcie_inst/core_inst/app.app_block_inst/u_tiara_core/u_mp/u_alu/mul_pipe0__8/A[7] is connected to registers with an asynchronous reset. This is preventing the possibility of merging these registers in to the DSP Block since the DSP block registers only possess synchronous reset capability.  It is suggested to recode or change these registers to remove the reset or use a synchronous reset to get the best optimization for performance, power and area.
Related violations: <none>

DPIR-2#314 Warning
Asynchronous driver check  
DSP core_inst/core_inst/core_pcie_inst/core_inst/app.app_block_inst/u_tiara_core/u_mp/u_alu/mul_pipe0__8 input pin core_inst/core_inst/core_pcie_inst/core_inst/app.app_block_inst/u_tiara_core/u_mp/u_alu/mul_pipe0__8/A[8] is connected to registers with an asynchronous reset. This is preventing the possibility of merging these registers in to the DSP Block since the DSP block registers only possess synchronous reset capability.  It is suggested to recode or change these registers to remove the reset or use a synchronous reset to get the best optimization for performance, power and area.
Related violations: <none>

DPIR-2#315 Warning
Asynchronous driver check  
DSP core_inst/core_inst/core_pcie_inst/core_inst/app.app_block_inst/u_tiara_core/u_mp/u_alu/mul_pipe0__8 input pin core_inst/core_inst/core_pcie_inst/core_inst/app.app_block_inst/u_tiara_core/u_mp/u_alu/mul_pipe0__8/A[9] is connected to registers with an asynchronous reset. This is preventing the possibility of merging these registers in to the DSP Block since the DSP block registers only possess synchronous reset capability.  It is suggested to recode or change these registers to remove the reset or use a synchronous reset to get the best optimization for performance, power and area.
Related violations: <none>

DPIR-2#316 Warning
Asynchronous driver check  
DSP core_inst/core_inst/core_pcie_inst/core_inst/app.app_block_inst/u_tiara_core/u_mp/u_alu/mul_pipe0__8 input pin core_inst/core_inst/core_pcie_inst/core_inst/app.app_block_inst/u_tiara_core/u_mp/u_alu/mul_pipe0__8/B[0] is connected to registers with an asynchronous reset. This is preventing the possibility of merging these registers in to the DSP Block since the DSP block registers only possess synchronous reset capability.  It is suggested to recode or change these registers to remove the reset or use a synchronous reset to get the best optimization for performance, power and area.
Related violations: <none>

DPIR-2#317 Warning
Asynchronous driver check  
DSP core_inst/core_inst/core_pcie_inst/core_inst/app.app_block_inst/u_tiara_core/u_mp/u_alu/mul_pipe0__8 input pin core_inst/core_inst/core_pcie_inst/core_inst/app.app_block_inst/u_tiara_core/u_mp/u_alu/mul_pipe0__8/B[10] is connected to registers with an asynchronous reset. This is preventing the possibility of merging these registers in to the DSP Block since the DSP block registers only possess synchronous reset capability.  It is suggested to recode or change these registers to remove the reset or use a synchronous reset to get the best optimization for performance, power and area.
Related violations: <none>

DPIR-2#318 Warning
Asynchronous driver check  
DSP core_inst/core_inst/core_pcie_inst/core_inst/app.app_block_inst/u_tiara_core/u_mp/u_alu/mul_pipe0__8 input pin core_inst/core_inst/core_pcie_inst/core_inst/app.app_block_inst/u_tiara_core/u_mp/u_alu/mul_pipe0__8/B[11] is connected to registers with an asynchronous reset. This is preventing the possibility of merging these registers in to the DSP Block since the DSP block registers only possess synchronous reset capability.  It is suggested to recode or change these registers to remove the reset or use a synchronous reset to get the best optimization for performance, power and area.
Related violations: <none>

DPIR-2#319 Warning
Asynchronous driver check  
DSP core_inst/core_inst/core_pcie_inst/core_inst/app.app_block_inst/u_tiara_core/u_mp/u_alu/mul_pipe0__8 input pin core_inst/core_inst/core_pcie_inst/core_inst/app.app_block_inst/u_tiara_core/u_mp/u_alu/mul_pipe0__8/B[12] is connected to registers with an asynchronous reset. This is preventing the possibility of merging these registers in to the DSP Block since the DSP block registers only possess synchronous reset capability.  It is suggested to recode or change these registers to remove the reset or use a synchronous reset to get the best optimization for performance, power and area.
Related violations: <none>

DPIR-2#320 Warning
Asynchronous driver check  
DSP core_inst/core_inst/core_pcie_inst/core_inst/app.app_block_inst/u_tiara_core/u_mp/u_alu/mul_pipe0__8 input pin core_inst/core_inst/core_pcie_inst/core_inst/app.app_block_inst/u_tiara_core/u_mp/u_alu/mul_pipe0__8/B[13] is connected to registers with an asynchronous reset. This is preventing the possibility of merging these registers in to the DSP Block since the DSP block registers only possess synchronous reset capability.  It is suggested to recode or change these registers to remove the reset or use a synchronous reset to get the best optimization for performance, power and area.
Related violations: <none>

DPIR-2#321 Warning
Asynchronous driver check  
DSP core_inst/core_inst/core_pcie_inst/core_inst/app.app_block_inst/u_tiara_core/u_mp/u_alu/mul_pipe0__8 input pin core_inst/core_inst/core_pcie_inst/core_inst/app.app_block_inst/u_tiara_core/u_mp/u_alu/mul_pipe0__8/B[14] is connected to registers with an asynchronous reset. This is preventing the possibility of merging these registers in to the DSP Block since the DSP block registers only possess synchronous reset capability.  It is suggested to recode or change these registers to remove the reset or use a synchronous reset to get the best optimization for performance, power and area.
Related violations: <none>

DPIR-2#322 Warning
Asynchronous driver check  
DSP core_inst/core_inst/core_pcie_inst/core_inst/app.app_block_inst/u_tiara_core/u_mp/u_alu/mul_pipe0__8 input pin core_inst/core_inst/core_pcie_inst/core_inst/app.app_block_inst/u_tiara_core/u_mp/u_alu/mul_pipe0__8/B[15] is connected to registers with an asynchronous reset. This is preventing the possibility of merging these registers in to the DSP Block since the DSP block registers only possess synchronous reset capability.  It is suggested to recode or change these registers to remove the reset or use a synchronous reset to get the best optimization for performance, power and area.
Related violations: <none>

DPIR-2#323 Warning
Asynchronous driver check  
DSP core_inst/core_inst/core_pcie_inst/core_inst/app.app_block_inst/u_tiara_core/u_mp/u_alu/mul_pipe0__8 input pin core_inst/core_inst/core_pcie_inst/core_inst/app.app_block_inst/u_tiara_core/u_mp/u_alu/mul_pipe0__8/B[16] is connected to registers with an asynchronous reset. This is preventing the possibility of merging these registers in to the DSP Block since the DSP block registers only possess synchronous reset capability.  It is suggested to recode or change these registers to remove the reset or use a synchronous reset to get the best optimization for performance, power and area.
Related violations: <none>

DPIR-2#324 Warning
Asynchronous driver check  
DSP core_inst/core_inst/core_pcie_inst/core_inst/app.app_block_inst/u_tiara_core/u_mp/u_alu/mul_pipe0__8 input pin core_inst/core_inst/core_pcie_inst/core_inst/app.app_block_inst/u_tiara_core/u_mp/u_alu/mul_pipe0__8/B[1] is connected to registers with an asynchronous reset. This is preventing the possibility of merging these registers in to the DSP Block since the DSP block registers only possess synchronous reset capability.  It is suggested to recode or change these registers to remove the reset or use a synchronous reset to get the best optimization for performance, power and area.
Related violations: <none>

DPIR-2#325 Warning
Asynchronous driver check  
DSP core_inst/core_inst/core_pcie_inst/core_inst/app.app_block_inst/u_tiara_core/u_mp/u_alu/mul_pipe0__8 input pin core_inst/core_inst/core_pcie_inst/core_inst/app.app_block_inst/u_tiara_core/u_mp/u_alu/mul_pipe0__8/B[2] is connected to registers with an asynchronous reset. This is preventing the possibility of merging these registers in to the DSP Block since the DSP block registers only possess synchronous reset capability.  It is suggested to recode or change these registers to remove the reset or use a synchronous reset to get the best optimization for performance, power and area.
Related violations: <none>

DPIR-2#326 Warning
Asynchronous driver check  
DSP core_inst/core_inst/core_pcie_inst/core_inst/app.app_block_inst/u_tiara_core/u_mp/u_alu/mul_pipe0__8 input pin core_inst/core_inst/core_pcie_inst/core_inst/app.app_block_inst/u_tiara_core/u_mp/u_alu/mul_pipe0__8/B[3] is connected to registers with an asynchronous reset. This is preventing the possibility of merging these registers in to the DSP Block since the DSP block registers only possess synchronous reset capability.  It is suggested to recode or change these registers to remove the reset or use a synchronous reset to get the best optimization for performance, power and area.
Related violations: <none>

DPIR-2#327 Warning
Asynchronous driver check  
DSP core_inst/core_inst/core_pcie_inst/core_inst/app.app_block_inst/u_tiara_core/u_mp/u_alu/mul_pipe0__8 input pin core_inst/core_inst/core_pcie_inst/core_inst/app.app_block_inst/u_tiara_core/u_mp/u_alu/mul_pipe0__8/B[4] is connected to registers with an asynchronous reset. This is preventing the possibility of merging these registers in to the DSP Block since the DSP block registers only possess synchronous reset capability.  It is suggested to recode or change these registers to remove the reset or use a synchronous reset to get the best optimization for performance, power and area.
Related violations: <none>

DPIR-2#328 Warning
Asynchronous driver check  
DSP core_inst/core_inst/core_pcie_inst/core_inst/app.app_block_inst/u_tiara_core/u_mp/u_alu/mul_pipe0__8 input pin core_inst/core_inst/core_pcie_inst/core_inst/app.app_block_inst/u_tiara_core/u_mp/u_alu/mul_pipe0__8/B[5] is connected to registers with an asynchronous reset. This is preventing the possibility of merging these registers in to the DSP Block since the DSP block registers only possess synchronous reset capability.  It is suggested to recode or change these registers to remove the reset or use a synchronous reset to get the best optimization for performance, power and area.
Related violations: <none>

DPIR-2#329 Warning
Asynchronous driver check  
DSP core_inst/core_inst/core_pcie_inst/core_inst/app.app_block_inst/u_tiara_core/u_mp/u_alu/mul_pipe0__8 input pin core_inst/core_inst/core_pcie_inst/core_inst/app.app_block_inst/u_tiara_core/u_mp/u_alu/mul_pipe0__8/B[6] is connected to registers with an asynchronous reset. This is preventing the possibility of merging these registers in to the DSP Block since the DSP block registers only possess synchronous reset capability.  It is suggested to recode or change these registers to remove the reset or use a synchronous reset to get the best optimization for performance, power and area.
Related violations: <none>

DPIR-2#330 Warning
Asynchronous driver check  
DSP core_inst/core_inst/core_pcie_inst/core_inst/app.app_block_inst/u_tiara_core/u_mp/u_alu/mul_pipe0__8 input pin core_inst/core_inst/core_pcie_inst/core_inst/app.app_block_inst/u_tiara_core/u_mp/u_alu/mul_pipe0__8/B[7] is connected to registers with an asynchronous reset. This is preventing the possibility of merging these registers in to the DSP Block since the DSP block registers only possess synchronous reset capability.  It is suggested to recode or change these registers to remove the reset or use a synchronous reset to get the best optimization for performance, power and area.
Related violations: <none>

DPIR-2#331 Warning
Asynchronous driver check  
DSP core_inst/core_inst/core_pcie_inst/core_inst/app.app_block_inst/u_tiara_core/u_mp/u_alu/mul_pipe0__8 input pin core_inst/core_inst/core_pcie_inst/core_inst/app.app_block_inst/u_tiara_core/u_mp/u_alu/mul_pipe0__8/B[8] is connected to registers with an asynchronous reset. This is preventing the possibility of merging these registers in to the DSP Block since the DSP block registers only possess synchronous reset capability.  It is suggested to recode or change these registers to remove the reset or use a synchronous reset to get the best optimization for performance, power and area.
Related violations: <none>

DPIR-2#332 Warning
Asynchronous driver check  
DSP core_inst/core_inst/core_pcie_inst/core_inst/app.app_block_inst/u_tiara_core/u_mp/u_alu/mul_pipe0__8 input pin core_inst/core_inst/core_pcie_inst/core_inst/app.app_block_inst/u_tiara_core/u_mp/u_alu/mul_pipe0__8/B[9] is connected to registers with an asynchronous reset. This is preventing the possibility of merging these registers in to the DSP Block since the DSP block registers only possess synchronous reset capability.  It is suggested to recode or change these registers to remove the reset or use a synchronous reset to get the best optimization for performance, power and area.
Related violations: <none>

LUTAR-1#1 Warning
LUT drives async reset alert  
LUT cell pcie4c_uscale_plus_inst/inst/pcie4c_uscale_plus_0_gt_top_i/diablo_gt.diablo_gt_phy_wrapper/gt_wizard.gtwizard_top_i/intclk_rrst_n_r[4]_i_1, with 2 or more inputs, drives asynchronous preset/clear pin(s) pcie4c_uscale_plus_inst/inst/pcie4c_uscale_plus_0_gt_top_i/diablo_gt.diablo_gt_phy_wrapper/phy_rst_i/intclk_rrst_n_r_reg[0]/CLR,
pcie4c_uscale_plus_inst/inst/pcie4c_uscale_plus_0_gt_top_i/diablo_gt.diablo_gt_phy_wrapper/phy_rst_i/intclk_rrst_n_r_reg[1]/CLR,
pcie4c_uscale_plus_inst/inst/pcie4c_uscale_plus_0_gt_top_i/diablo_gt.diablo_gt_phy_wrapper/phy_rst_i/intclk_rrst_n_r_reg[2]/CLR,
pcie4c_uscale_plus_inst/inst/pcie4c_uscale_plus_0_gt_top_i/diablo_gt.diablo_gt_phy_wrapper/phy_rst_i/intclk_rrst_n_r_reg[3]/CLR
pcie4c_uscale_plus_inst/inst/pcie4c_uscale_plus_0_gt_top_i/diablo_gt.diablo_gt_phy_wrapper/phy_rst_i/intclk_rrst_n_r_reg[4]/CLR. The LUT may glitch and trigger an unexpected reset, even if it is a properly timed path.
Related violations: <none>

LUTAR-1#2 Warning
LUT drives async reset alert  
LUT cell pcie4c_uscale_plus_inst/inst/pcie4c_uscale_plus_0_gt_top_i/diablo_gt.diablo_gt_phy_wrapper/gt_wizard.gtwizard_top_i/pcie4c_uscale_plus_0_gt_i/inst/gen_gtwizard_gtye4_top.pcie4c_uscale_plus_0_gt_gtwizard_gtye4_inst/gen_gtwizard_gtye4.gen_cpll_cal_gtye4.gen_cpll_cal_inst[0].gen_inst_cpll_cal.gtwizard_ultrascale_v1_7_22_gtye4_cpll_cal_inst/reset_synchronizer_resetin_tx_inst/rst_in_meta_i_1, with 2 or more inputs, drives asynchronous preset/clear pin(s) pcie4c_uscale_plus_inst/inst/pcie4c_uscale_plus_0_gt_top_i/diablo_gt.diablo_gt_phy_wrapper/gt_wizard.gtwizard_top_i/pcie4c_uscale_plus_0_gt_i/inst/gen_gtwizard_gtye4_top.pcie4c_uscale_plus_0_gt_gtwizard_gtye4_inst/gen_gtwizard_gtye4.gen_cpll_cal_gtye4.gen_cpll_cal_inst[7].gen_inst_cpll_cal.gtwizard_ultrascale_v1_7_22_gtye4_cpll_cal_inst/reset_synchronizer_resetin_tx_inst/rst_in_meta_reg/PRE,
pcie4c_uscale_plus_inst/inst/pcie4c_uscale_plus_0_gt_top_i/diablo_gt.diablo_gt_phy_wrapper/gt_wizard.gtwizard_top_i/pcie4c_uscale_plus_0_gt_i/inst/gen_gtwizard_gtye4_top.pcie4c_uscale_plus_0_gt_gtwizard_gtye4_inst/gen_gtwizard_gtye4.gen_cpll_cal_gtye4.gen_cpll_cal_inst[7].gen_inst_cpll_cal.gtwizard_ultrascale_v1_7_22_gtye4_cpll_cal_inst/reset_synchronizer_resetin_tx_inst/rst_in_out_reg/PRE,
pcie4c_uscale_plus_inst/inst/pcie4c_uscale_plus_0_gt_top_i/diablo_gt.diablo_gt_phy_wrapper/gt_wizard.gtwizard_top_i/pcie4c_uscale_plus_0_gt_i/inst/gen_gtwizard_gtye4_top.pcie4c_uscale_plus_0_gt_gtwizard_gtye4_inst/gen_gtwizard_gtye4.gen_cpll_cal_gtye4.gen_cpll_cal_inst[7].gen_inst_cpll_cal.gtwizard_ultrascale_v1_7_22_gtye4_cpll_cal_inst/reset_synchronizer_resetin_tx_inst/rst_in_sync1_reg/PRE,
pcie4c_uscale_plus_inst/inst/pcie4c_uscale_plus_0_gt_top_i/diablo_gt.diablo_gt_phy_wrapper/gt_wizard.gtwizard_top_i/pcie4c_uscale_plus_0_gt_i/inst/gen_gtwizard_gtye4_top.pcie4c_uscale_plus_0_gt_gtwizard_gtye4_inst/gen_gtwizard_gtye4.gen_cpll_cal_gtye4.gen_cpll_cal_inst[7].gen_inst_cpll_cal.gtwizard_ultrascale_v1_7_22_gtye4_cpll_cal_inst/reset_synchronizer_resetin_tx_inst/rst_in_sync2_reg/PRE,
pcie4c_uscale_plus_inst/inst/pcie4c_uscale_plus_0_gt_top_i/diablo_gt.diablo_gt_phy_wrapper/gt_wizard.gtwizard_top_i/pcie4c_uscale_plus_0_gt_i/inst/gen_gtwizard_gtye4_top.pcie4c_uscale_plus_0_gt_gtwizard_gtye4_inst/gen_gtwizard_gtye4.gen_cpll_cal_gtye4.gen_cpll_cal_inst[7].gen_inst_cpll_cal.gtwizard_ultrascale_v1_7_22_gtye4_cpll_cal_inst/reset_synchronizer_resetin_tx_inst/rst_in_sync3_reg/PRE,
pcie4c_uscale_plus_inst/inst/pcie4c_uscale_plus_0_gt_top_i/diablo_gt.diablo_gt_phy_wrapper/gt_wizard.gtwizard_top_i/pcie4c_uscale_plus_0_gt_i/inst/gen_gtwizard_gtye4_top.pcie4c_uscale_plus_0_gt_gtwizard_gtye4_inst/gen_gtwizard_gtye4.gen_cpll_cal_gtye4.gen_cpll_cal_inst[8].gen_inst_cpll_cal.gtwizard_ultrascale_v1_7_22_gtye4_cpll_cal_inst/reset_synchronizer_resetin_tx_inst/rst_in_meta_reg/PRE,
pcie4c_uscale_plus_inst/inst/pcie4c_uscale_plus_0_gt_top_i/diablo_gt.diablo_gt_phy_wrapper/gt_wizard.gtwizard_top_i/pcie4c_uscale_plus_0_gt_i/inst/gen_gtwizard_gtye4_top.pcie4c_uscale_plus_0_gt_gtwizard_gtye4_inst/gen_gtwizard_gtye4.gen_cpll_cal_gtye4.gen_cpll_cal_inst[8].gen_inst_cpll_cal.gtwizard_ultrascale_v1_7_22_gtye4_cpll_cal_inst/reset_synchronizer_resetin_tx_inst/rst_in_out_reg/PRE,
pcie4c_uscale_plus_inst/inst/pcie4c_uscale_plus_0_gt_top_i/diablo_gt.diablo_gt_phy_wrapper/gt_wizard.gtwizard_top_i/pcie4c_uscale_plus_0_gt_i/inst/gen_gtwizard_gtye4_top.pcie4c_uscale_plus_0_gt_gtwizard_gtye4_inst/gen_gtwizard_gtye4.gen_cpll_cal_gtye4.gen_cpll_cal_inst[8].gen_inst_cpll_cal.gtwizard_ultrascale_v1_7_22_gtye4_cpll_cal_inst/reset_synchronizer_resetin_tx_inst/rst_in_sync1_reg/PRE,
pcie4c_uscale_plus_inst/inst/pcie4c_uscale_plus_0_gt_top_i/diablo_gt.diablo_gt_phy_wrapper/gt_wizard.gtwizard_top_i/pcie4c_uscale_plus_0_gt_i/inst/gen_gtwizard_gtye4_top.pcie4c_uscale_plus_0_gt_gtwizard_gtye4_inst/gen_gtwizard_gtye4.gen_cpll_cal_gtye4.gen_cpll_cal_inst[8].gen_inst_cpll_cal.gtwizard_ultrascale_v1_7_22_gtye4_cpll_cal_inst/reset_synchronizer_resetin_tx_inst/rst_in_sync2_reg/PRE,
pcie4c_uscale_plus_inst/inst/pcie4c_uscale_plus_0_gt_top_i/diablo_gt.diablo_gt_phy_wrapper/gt_wizard.gtwizard_top_i/pcie4c_uscale_plus_0_gt_i/inst/gen_gtwizard_gtye4_top.pcie4c_uscale_plus_0_gt_gtwizard_gtye4_inst/gen_gtwizard_gtye4.gen_cpll_cal_gtye4.gen_cpll_cal_inst[8].gen_inst_cpll_cal.gtwizard_ultrascale_v1_7_22_gtye4_cpll_cal_inst/reset_synchronizer_resetin_tx_inst/rst_in_sync3_reg/PRE,
pcie4c_uscale_plus_inst/inst/pcie4c_uscale_plus_0_gt_top_i/diablo_gt.diablo_gt_phy_wrapper/gt_wizard.gtwizard_top_i/pcie4c_uscale_plus_0_gt_i/inst/gen_gtwizard_gtye4_top.pcie4c_uscale_plus_0_gt_gtwizard_gtye4_inst/gen_gtwizard_gtye4.gen_cpll_cal_gtye4.gen_cpll_cal_inst[9].gen_inst_cpll_cal.gtwizard_ultrascale_v1_7_22_gtye4_cpll_cal_inst/reset_synchronizer_resetin_tx_inst/rst_in_meta_reg/PRE,
pcie4c_uscale_plus_inst/inst/pcie4c_uscale_plus_0_gt_top_i/diablo_gt.diablo_gt_phy_wrapper/gt_wizard.gtwizard_top_i/pcie4c_uscale_plus_0_gt_i/inst/gen_gtwizard_gtye4_top.pcie4c_uscale_plus_0_gt_gtwizard_gtye4_inst/gen_gtwizard_gtye4.gen_cpll_cal_gtye4.gen_cpll_cal_inst[9].gen_inst_cpll_cal.gtwizard_ultrascale_v1_7_22_gtye4_cpll_cal_inst/reset_synchronizer_resetin_tx_inst/rst_in_out_reg/PRE,
pcie4c_uscale_plus_inst/inst/pcie4c_uscale_plus_0_gt_top_i/diablo_gt.diablo_gt_phy_wrapper/gt_wizard.gtwizard_top_i/pcie4c_uscale_plus_0_gt_i/inst/gen_gtwizard_gtye4_top.pcie4c_uscale_plus_0_gt_gtwizard_gtye4_inst/gen_gtwizard_gtye4.gen_cpll_cal_gtye4.gen_cpll_cal_inst[9].gen_inst_cpll_cal.gtwizard_ultrascale_v1_7_22_gtye4_cpll_cal_inst/reset_synchronizer_resetin_tx_inst/rst_in_sync1_reg/PRE,
pcie4c_uscale_plus_inst/inst/pcie4c_uscale_plus_0_gt_top_i/diablo_gt.diablo_gt_phy_wrapper/gt_wizard.gtwizard_top_i/pcie4c_uscale_plus_0_gt_i/inst/gen_gtwizard_gtye4_top.pcie4c_uscale_plus_0_gt_gtwizard_gtye4_inst/gen_gtwizard_gtye4.gen_cpll_cal_gtye4.gen_cpll_cal_inst[9].gen_inst_cpll_cal.gtwizard_ultrascale_v1_7_22_gtye4_cpll_cal_inst/reset_synchronizer_resetin_tx_inst/rst_in_sync2_reg/PRE,
pcie4c_uscale_plus_inst/inst/pcie4c_uscale_plus_0_gt_top_i/diablo_gt.diablo_gt_phy_wrapper/gt_wizard.gtwizard_top_i/pcie4c_uscale_plus_0_gt_i/inst/gen_gtwizard_gtye4_top.pcie4c_uscale_plus_0_gt_gtwizard_gtye4_inst/gen_gtwizard_gtye4.gen_cpll_cal_gtye4.gen_cpll_cal_inst[9].gen_inst_cpll_cal.gtwizard_ultrascale_v1_7_22_gtye4_cpll_cal_inst/reset_synchronizer_resetin_tx_inst/rst_in_sync3_reg/PRE
 (the first 15 of 80 listed). The LUT may glitch and trigger an unexpected reset, even if it is a properly timed path.
Related violations: <none>

LUTAR-1#3 Warning
LUT drives async reset alert  
LUT cell pcie4c_uscale_plus_inst/inst/pcie4c_uscale_plus_0_gt_top_i/diablo_gt.diablo_gt_phy_wrapper/phy_rst_i/bufg_gt_userclk_i_2, with 2 or more inputs, drives asynchronous preset/clear pin(s) pcie4c_uscale_plus_inst/inst/pcie4c_uscale_plus_0_gt_top_i/diablo_gt.diablo_gt_phy_wrapper/gt_wizard.gtwizard_top_i/pcie4c_uscale_plus_0_gt_i/inst/gen_gtwizard_gtye4_top.pcie4c_uscale_plus_0_gt_gtwizard_gtye4_inst/gen_gtwizard_gtye4.gen_channel_container[27].gen_enabled_channel.gtye4_channel_wrapper_inst/channel_inst/BUFG_GT_SYNC_3/CLR. The LUT may glitch and trigger an unexpected reset, even if it is a properly timed path.
Related violations: <none>

LUTAR-1#4 Warning
LUT drives async reset alert  
LUT cell pcie4c_uscale_plus_inst/inst/pcie4c_uscale_plus_0_pcie_4_0_pipe_inst/sys_or_hot_rst_pclk_inst_i_1, with 2 or more inputs, drives asynchronous preset/clear pin(s) pcie4c_uscale_plus_inst/inst/sys_or_hot_rst_pclk_inst/arststages_ff_reg[0]/PRE,
pcie4c_uscale_plus_inst/inst/sys_or_hot_rst_pclk_inst/arststages_ff_reg[1]/PRE,
pcie4c_uscale_plus_inst/inst/sys_or_hot_rst_uclk_inst/arststages_ff_reg[0]/PRE
pcie4c_uscale_plus_inst/inst/sys_or_hot_rst_uclk_inst/arststages_ff_reg[1]/PRE. The LUT may glitch and trigger an unexpected reset, even if it is a properly timed path.
Related violations: <none>

LUTAR-1#5 Warning
LUT drives async reset alert  
LUT cell pcie4c_uscale_plus_inst/inst/pcie4c_uscale_plus_0_pcie_4_0_pipe_inst/user_reset_cdc_i_1, with 2 or more inputs, drives asynchronous preset/clear pin(s) pcie4c_uscale_plus_inst/inst/user_reset_cdc/arststages_ff_reg[0]/PRE,
pcie4c_uscale_plus_inst/inst/user_reset_cdc/arststages_ff_reg[1]/PRE
pcie4c_uscale_plus_inst/inst/user_reset_reg/PRE. The LUT may glitch and trigger an unexpected reset, even if it is a properly timed path.
Related violations: <none>

LUTAR-1#6 Warning
LUT drives async reset alert  
LUT cell sync_reset_125mhz_inst/sync_reg[3]_i_1, with 2 or more inputs, drives asynchronous preset/clear pin(s) qsfp_phy_quad_inst/phy1.eth_xcvr_phy_1/sync_reset_common_reset_inst/sync_reg_reg[0]/PRE,
qsfp_phy_quad_inst/phy1.eth_xcvr_phy_1/sync_reset_common_reset_inst/sync_reg_reg[1]/PRE,
qsfp_phy_quad_inst/phy1.eth_xcvr_phy_1/sync_reset_common_reset_inst/sync_reg_reg[2]/PRE
qsfp_phy_quad_inst/phy1.eth_xcvr_phy_1/sync_reset_common_reset_inst/sync_reg_reg[3]/PRE. The LUT may glitch and trigger an unexpected reset, even if it is a properly timed path.
Related violations: <none>

SYNTH-6#1 Warning
Timing of a RAM block might be sub-optimal  
The timing for the instance core_inst/core_inst/core_pcie_inst/core_inst/app.app_block_inst/u_tiara_core/u_mp/u_istore/mem_reg_bram_0, implemented as a RAM block, might be sub-optimal as no output register was merged into the block.
Related violations: <none>

SYNTH-6#2 Warning
Timing of a RAM block might be sub-optimal  
The timing for the instance core_inst/core_inst/core_pcie_inst/core_inst/app.app_block_inst/u_tiara_core/u_mp/u_istore/mem_reg_bram_1, implemented as a RAM block, might be sub-optimal as no output register was merged into the block.
Related violations: <none>

SYNTH-6#3 Warning
Timing of a RAM block might be sub-optimal  
The timing for the instance core_inst/core_inst/core_pcie_inst/core_inst/iface[0].interface_inst/desc_fetch_inst/dma_psdpram_inst/genblk1[1].mem_reg_reg_0, implemented as a RAM block, might be sub-optimal as no output register was merged into the block.
Related violations: <none>

SYNTH-6#4 Warning
Timing of a RAM block might be sub-optimal  
The timing for the instance core_inst/core_inst/core_pcie_inst/core_inst/iface[0].interface_inst/desc_fetch_inst/dma_psdpram_inst/genblk1[1].mem_reg_reg_1, implemented as a RAM block, might be sub-optimal as no output register was merged into the block.
Related violations: <none>

SYNTH-6#5 Warning
Timing of a RAM block might be sub-optimal  
The timing for the instance core_inst/core_inst/core_pcie_inst/core_inst/iface[0].interface_inst/desc_fetch_inst/dma_psdpram_inst/genblk1[1].mem_reg_reg_2, implemented as a RAM block, might be sub-optimal as no output register was merged into the block.
Related violations: <none>

SYNTH-6#6 Warning
Timing of a RAM block might be sub-optimal  
The timing for the instance core_inst/core_inst/core_pcie_inst/core_inst/iface[0].interface_inst/desc_fetch_inst/dma_psdpram_inst/genblk1[1].mem_reg_reg_3, implemented as a RAM block, might be sub-optimal as no output register was merged into the block.
Related violations: <none>

SYNTH-6#7 Warning
Timing of a RAM block might be sub-optimal  
The timing for the instance core_inst/core_inst/core_pcie_inst/core_inst/iface[0].interface_inst/desc_fetch_inst/dma_psdpram_inst/genblk1[1].mem_reg_reg_4, implemented as a RAM block, might be sub-optimal as no output register was merged into the block.
Related violations: <none>

SYNTH-6#8 Warning
Timing of a RAM block might be sub-optimal  
The timing for the instance core_inst/core_inst/core_pcie_inst/core_inst/iface[0].interface_inst/desc_fetch_inst/dma_psdpram_inst/genblk1[1].mem_reg_reg_5, implemented as a RAM block, might be sub-optimal as no output register was merged into the block.
Related violations: <none>

SYNTH-6#9 Warning
Timing of a RAM block might be sub-optimal  
The timing for the instance core_inst/core_inst/core_pcie_inst/core_inst/iface[0].interface_inst/desc_fetch_inst/dma_psdpram_inst/genblk1[1].mem_reg_reg_6, implemented as a RAM block, might be sub-optimal as no output register was merged into the block.
Related violations: <none>

SYNTH-6#10 Warning
Timing of a RAM block might be sub-optimal  
The timing for the instance core_inst/core_inst/core_pcie_inst/core_inst/iface[0].interface_inst/desc_fetch_inst/dma_psdpram_inst/genblk1[1].mem_reg_reg_7, implemented as a RAM block, might be sub-optimal as no output register was merged into the block.
Related violations: <none>

SYNTH-6#11 Warning
Timing of a RAM block might be sub-optimal  
The timing for the instance core_inst/core_inst/core_pcie_inst/core_inst/iface[0].interface_inst/interface_rx_inst/dma_psdpram_rx_inst/genblk1[1].mem_reg_reg_0, implemented as a RAM block, might be sub-optimal as no output register was merged into the block.
Related violations: <none>

SYNTH-6#12 Warning
Timing of a RAM block might be sub-optimal  
The timing for the instance core_inst/core_inst/core_pcie_inst/core_inst/iface[0].interface_inst/interface_rx_inst/dma_psdpram_rx_inst/genblk1[1].mem_reg_reg_1, implemented as a RAM block, might be sub-optimal as no output register was merged into the block.
Related violations: <none>

SYNTH-6#13 Warning
Timing of a RAM block might be sub-optimal  
The timing for the instance core_inst/core_inst/core_pcie_inst/core_inst/iface[0].interface_inst/interface_rx_inst/dma_psdpram_rx_inst/genblk1[1].mem_reg_reg_10, implemented as a RAM block, might be sub-optimal as no output register was merged into the block.
Related violations: <none>

SYNTH-6#14 Warning
Timing of a RAM block might be sub-optimal  
The timing for the instance core_inst/core_inst/core_pcie_inst/core_inst/iface[0].interface_inst/interface_rx_inst/dma_psdpram_rx_inst/genblk1[1].mem_reg_reg_11, implemented as a RAM block, might be sub-optimal as no output register was merged into the block.
Related violations: <none>

SYNTH-6#15 Warning
Timing of a RAM block might be sub-optimal  
The timing for the instance core_inst/core_inst/core_pcie_inst/core_inst/iface[0].interface_inst/interface_rx_inst/dma_psdpram_rx_inst/genblk1[1].mem_reg_reg_12, implemented as a RAM block, might be sub-optimal as no output register was merged into the block.
Related violations: <none>

SYNTH-6#16 Warning
Timing of a RAM block might be sub-optimal  
The timing for the instance core_inst/core_inst/core_pcie_inst/core_inst/iface[0].interface_inst/interface_rx_inst/dma_psdpram_rx_inst/genblk1[1].mem_reg_reg_13, implemented as a RAM block, might be sub-optimal as no output register was merged into the block.
Related violations: <none>

SYNTH-6#17 Warning
Timing of a RAM block might be sub-optimal  
The timing for the instance core_inst/core_inst/core_pcie_inst/core_inst/iface[0].interface_inst/interface_rx_inst/dma_psdpram_rx_inst/genblk1[1].mem_reg_reg_14, implemented as a RAM block, might be sub-optimal as no output register was merged into the block.
Related violations: <none>

SYNTH-6#18 Warning
Timing of a RAM block might be sub-optimal  
The timing for the instance core_inst/core_inst/core_pcie_inst/core_inst/iface[0].interface_inst/interface_rx_inst/dma_psdpram_rx_inst/genblk1[1].mem_reg_reg_15, implemented as a RAM block, might be sub-optimal as no output register was merged into the block.
Related violations: <none>

SYNTH-6#19 Warning
Timing of a RAM block might be sub-optimal  
The timing for the instance core_inst/core_inst/core_pcie_inst/core_inst/iface[0].interface_inst/interface_rx_inst/dma_psdpram_rx_inst/genblk1[1].mem_reg_reg_2, implemented as a RAM block, might be sub-optimal as no output register was merged into the block.
Related violations: <none>

SYNTH-6#20 Warning
Timing of a RAM block might be sub-optimal  
The timing for the instance core_inst/core_inst/core_pcie_inst/core_inst/iface[0].interface_inst/interface_rx_inst/dma_psdpram_rx_inst/genblk1[1].mem_reg_reg_3, implemented as a RAM block, might be sub-optimal as no output register was merged into the block.
Related violations: <none>

SYNTH-6#21 Warning
Timing of a RAM block might be sub-optimal  
The timing for the instance core_inst/core_inst/core_pcie_inst/core_inst/iface[0].interface_inst/interface_rx_inst/dma_psdpram_rx_inst/genblk1[1].mem_reg_reg_4, implemented as a RAM block, might be sub-optimal as no output register was merged into the block.
Related violations: <none>

SYNTH-6#22 Warning
Timing of a RAM block might be sub-optimal  
The timing for the instance core_inst/core_inst/core_pcie_inst/core_inst/iface[0].interface_inst/interface_rx_inst/dma_psdpram_rx_inst/genblk1[1].mem_reg_reg_5, implemented as a RAM block, might be sub-optimal as no output register was merged into the block.
Related violations: <none>

SYNTH-6#23 Warning
Timing of a RAM block might be sub-optimal  
The timing for the instance core_inst/core_inst/core_pcie_inst/core_inst/iface[0].interface_inst/interface_rx_inst/dma_psdpram_rx_inst/genblk1[1].mem_reg_reg_6, implemented as a RAM block, might be sub-optimal as no output register was merged into the block.
Related violations: <none>

SYNTH-6#24 Warning
Timing of a RAM block might be sub-optimal  
The timing for the instance core_inst/core_inst/core_pcie_inst/core_inst/iface[0].interface_inst/interface_rx_inst/dma_psdpram_rx_inst/genblk1[1].mem_reg_reg_7, implemented as a RAM block, might be sub-optimal as no output register was merged into the block.
Related violations: <none>

SYNTH-6#25 Warning
Timing of a RAM block might be sub-optimal  
The timing for the instance core_inst/core_inst/core_pcie_inst/core_inst/iface[0].interface_inst/interface_rx_inst/dma_psdpram_rx_inst/genblk1[1].mem_reg_reg_8, implemented as a RAM block, might be sub-optimal as no output register was merged into the block.
Related violations: <none>

SYNTH-6#26 Warning
Timing of a RAM block might be sub-optimal  
The timing for the instance core_inst/core_inst/core_pcie_inst/core_inst/iface[0].interface_inst/interface_rx_inst/dma_psdpram_rx_inst/genblk1[1].mem_reg_reg_9, implemented as a RAM block, might be sub-optimal as no output register was merged into the block.
Related violations: <none>

SYNTH-6#27 Warning
Timing of a RAM block might be sub-optimal  
The timing for the instance core_inst/core_inst/core_pcie_inst/core_inst/iface[0].interface_inst/interface_rx_inst/rx_engine_inst/mqnic_rx_queue_map_inst/indir_tbl_mem_reg_2, implemented as a RAM block, might be sub-optimal as no output register was merged into the block.
Related violations: <none>

SYNTH-6#28 Warning
Timing of a RAM block might be sub-optimal  
The timing for the instance core_inst/core_inst/core_pcie_inst/core_inst/iface[0].interface_inst/interface_tx_inst/dma_psdpram_tx_inst/genblk1[1].mem_reg_reg_0, implemented as a RAM block, might be sub-optimal as no output register was merged into the block.
Related violations: <none>

SYNTH-6#29 Warning
Timing of a RAM block might be sub-optimal  
The timing for the instance core_inst/core_inst/core_pcie_inst/core_inst/iface[0].interface_inst/interface_tx_inst/dma_psdpram_tx_inst/genblk1[1].mem_reg_reg_1, implemented as a RAM block, might be sub-optimal as no output register was merged into the block.
Related violations: <none>

SYNTH-6#30 Warning
Timing of a RAM block might be sub-optimal  
The timing for the instance core_inst/core_inst/core_pcie_inst/core_inst/iface[0].interface_inst/interface_tx_inst/dma_psdpram_tx_inst/genblk1[1].mem_reg_reg_2, implemented as a RAM block, might be sub-optimal as no output register was merged into the block.
Related violations: <none>

SYNTH-6#31 Warning
Timing of a RAM block might be sub-optimal  
The timing for the instance core_inst/core_inst/core_pcie_inst/core_inst/iface[0].interface_inst/interface_tx_inst/dma_psdpram_tx_inst/genblk1[1].mem_reg_reg_3, implemented as a RAM block, might be sub-optimal as no output register was merged into the block.
Related violations: <none>

SYNTH-6#32 Warning
Timing of a RAM block might be sub-optimal  
The timing for the instance core_inst/core_inst/core_pcie_inst/core_inst/iface[0].interface_inst/interface_tx_inst/dma_psdpram_tx_inst/genblk1[1].mem_reg_reg_4, implemented as a RAM block, might be sub-optimal as no output register was merged into the block.
Related violations: <none>

SYNTH-6#33 Warning
Timing of a RAM block might be sub-optimal  
The timing for the instance core_inst/core_inst/core_pcie_inst/core_inst/iface[0].interface_inst/interface_tx_inst/dma_psdpram_tx_inst/genblk1[1].mem_reg_reg_5, implemented as a RAM block, might be sub-optimal as no output register was merged into the block.
Related violations: <none>

SYNTH-6#34 Warning
Timing of a RAM block might be sub-optimal  
The timing for the instance core_inst/core_inst/core_pcie_inst/core_inst/iface[0].interface_inst/interface_tx_inst/dma_psdpram_tx_inst/genblk1[1].mem_reg_reg_6, implemented as a RAM block, might be sub-optimal as no output register was merged into the block.
Related violations: <none>

SYNTH-6#35 Warning
Timing of a RAM block might be sub-optimal  
The timing for the instance core_inst/core_inst/core_pcie_inst/core_inst/iface[0].interface_inst/interface_tx_inst/dma_psdpram_tx_inst/genblk1[1].mem_reg_reg_7, implemented as a RAM block, might be sub-optimal as no output register was merged into the block.
Related violations: <none>

SYNTH-6#36 Warning
Timing of a RAM block might be sub-optimal  
The timing for the instance core_inst/core_inst/core_pcie_inst/pcie_msix_inst/tbl_mem_reg_1, implemented as a RAM block, might be sub-optimal as no output register was merged into the block.
Related violations: <none>

SYNTH-6#37 Warning
Timing of a RAM block might be sub-optimal  
The timing for the instance core_inst/core_inst/core_pcie_inst/pcie_msix_inst/tbl_mem_reg_2, implemented as a RAM block, might be sub-optimal as no output register was merged into the block.
Related violations: <none>

SYNTH-10#1 Warning
Wide multiplier  
Detected multiplier at core_inst/core_inst/core_pcie_inst/core_inst/app.app_block_inst/u_tiara_core/u_mp/u_alu/mul_pipe0 of size 18x18, it is decomposed from a wide multipler into 16 DSP blocks.
Related violations: <none>

SYNTH-10#2 Warning
Wide multiplier  
Detected multiplier at core_inst/core_inst/core_pcie_inst/core_inst/app.app_block_inst/u_tiara_core/u_mp/u_alu/mul_pipe0__0 of size 14x18, it is decomposed from a wide multipler into 16 DSP blocks.
Related violations: <none>

SYNTH-10#3 Warning
Wide multiplier  
Detected multiplier at core_inst/core_inst/core_pcie_inst/core_inst/app.app_block_inst/u_tiara_core/u_mp/u_alu/mul_pipe0__1 of size 18x18, it is decomposed from a wide multipler into 16 DSP blocks.
Related violations: <none>

SYNTH-10#4 Warning
Wide multiplier  
Detected multiplier at core_inst/core_inst/core_pcie_inst/core_inst/app.app_block_inst/u_tiara_core/u_mp/u_alu/mul_pipe0__2 of size 18x18, it is decomposed from a wide multipler into 16 DSP blocks.
Related violations: <none>

SYNTH-10#5 Warning
Wide multiplier  
Detected multiplier at core_inst/core_inst/core_pcie_inst/core_inst/app.app_block_inst/u_tiara_core/u_mp/u_alu/mul_pipe0__3 of size 18x14, it is decomposed from a wide multipler into 16 DSP blocks.
Related violations: <none>

SYNTH-10#6 Warning
Wide multiplier  
Detected multiplier at core_inst/core_inst/core_pcie_inst/core_inst/app.app_block_inst/u_tiara_core/u_mp/u_alu/mul_pipe0__4 of size 18x18, it is decomposed from a wide multipler into 16 DSP blocks.
Related violations: <none>

SYNTH-10#7 Warning
Wide multiplier  
Detected multiplier at core_inst/core_inst/core_pcie_inst/core_inst/app.app_block_inst/u_tiara_core/u_mp/u_alu/mul_pipe0__5 of size 18x18, it is decomposed from a wide multipler into 16 DSP blocks.
Related violations: <none>

SYNTH-10#8 Warning
Wide multiplier  
Detected multiplier at core_inst/core_inst/core_pcie_inst/core_inst/app.app_block_inst/u_tiara_core/u_mp/u_alu/mul_pipe0__6 of size 18x18, it is decomposed from a wide multipler into 16 DSP blocks.
Related violations: <none>

SYNTH-10#9 Warning
Wide multiplier  
Detected multiplier at core_inst/core_inst/core_pcie_inst/core_inst/app.app_block_inst/u_tiara_core/u_mp/u_alu/mul_pipe0__7 of size 18x18, it is decomposed from a wide multipler into 16 DSP blocks.
Related violations: <none>

SYNTH-10#10 Warning
Wide multiplier  
Detected multiplier at core_inst/core_inst/core_pcie_inst/core_inst/app.app_block_inst/u_tiara_core/u_mp/u_alu/mul_pipe0__8 of size 18x18, it is decomposed from a wide multipler into 16 DSP blocks.
Related violations: <none>

SYNTH-15#1 Warning
Byte wide write enable not inferred  
Byte wide write enable (BWWE) is not inferred for Block RAM core_inst/core_inst/core_pcie_inst/core_inst/iface[0].interface_inst/sched[0].scheduler_block/tx_scheduler_inst/queue_ram_reg_0_bram_0 because address width (13) is more than optimal threshold of 12. Implementing using BWWE will require more logic and timing would be suboptimal. Please use attribute ram_decomp = power if BWWE is desired..
Related violations: <none>

SYNTH-15#2 Warning
Byte wide write enable not inferred  
Byte wide write enable (BWWE) is not inferred for Block RAM core_inst/core_inst/core_pcie_inst/core_inst/iface[0].interface_inst/sched[0].scheduler_block/tx_scheduler_inst/queue_ram_reg_0_bram_1 because address width (13) is more than optimal threshold of 12. Implementing using BWWE will require more logic and timing would be suboptimal. Please use attribute ram_decomp = power if BWWE is desired..
Related violations: <none>

SYNTH-15#3 Warning
Byte wide write enable not inferred  
Byte wide write enable (BWWE) is not inferred for Block RAM core_inst/core_inst/core_pcie_inst/core_inst/iface[0].interface_inst/sched[0].scheduler_block/tx_scheduler_inst/queue_ram_reg_1_bram_0 because address width (13) is more than optimal threshold of 12. Implementing using BWWE will require more logic and timing would be suboptimal. Please use attribute ram_decomp = power if BWWE is desired..
Related violations: <none>

SYNTH-15#4 Warning
Byte wide write enable not inferred  
Byte wide write enable (BWWE) is not inferred for Block RAM core_inst/core_inst/core_pcie_inst/core_inst/iface[0].interface_inst/sched[0].scheduler_block/tx_scheduler_inst/queue_ram_reg_1_bram_1 because address width (13) is more than optimal threshold of 12. Implementing using BWWE will require more logic and timing would be suboptimal. Please use attribute ram_decomp = power if BWWE is desired..
Related violations: <none>

TIMING-9#1 Warning
Unknown CDC Logic  
One or more asynchronous Clock Domain Crossing has been detected between 2 clock domains through a set_false_path or a set_clock_groups or set_max_delay -datapath_only constraint but no double-registers logic synchronizer has been found on the side of the capture clock. It is recommended to run report_cdc for a complete and detailed CDC coverage. Please consider using XPM_CDC to avoid Critical severities
Related violations: <none>

XDCH-2#1 Warning
Same min and max delay values on IO port  
The same input delay of 0.000 ns has been defined on port 'msp_gpio[0]' for both max and min. Make sure this reflects the design intent.
set_input_delay 0.000 [get_ports {{msp_gpio[*]} msp_uart_rxd}]
/home/ubuntu/Tiara/vendor/corundum/fpga/mqnic/Alveo/fpga_25g/fpga_au50.xdc (Line: 61)
Related violations: <none>

XDCH-2#2 Warning
Same min and max delay values on IO port  
The same input delay of 0.000 ns has been defined on port 'msp_gpio[1]' for both max and min. Make sure this reflects the design intent.
set_input_delay 0.000 [get_ports {{msp_gpio[*]} msp_uart_rxd}]
/home/ubuntu/Tiara/vendor/corundum/fpga/mqnic/Alveo/fpga_25g/fpga_au50.xdc (Line: 61)
Related violations: <none>

XDCH-2#3 Warning
Same min and max delay values on IO port  
The same input delay of 0.000 ns has been defined on port 'msp_uart_rxd' for both max and min. Make sure this reflects the design intent.
set_input_delay 0.000 [get_ports {{msp_gpio[*]} msp_uart_rxd}]
/home/ubuntu/Tiara/vendor/corundum/fpga/mqnic/Alveo/fpga_25g/fpga_au50.xdc (Line: 61)
Related violations: <none>

XDCH-2#4 Warning
Same min and max delay values on IO port  
The same input delay of 0.000 ns has been defined on port 'pcie_reset_n' for both max and min. Make sure this reflects the design intent.
set_input_delay 0.000 [get_ports pcie_reset_n]
/home/ubuntu/Tiara/vendor/corundum/fpga/mqnic/Alveo/fpga_25g/fpga_au50.xdc (Line: 204)
Related violations: <none>

XDCH-2#5 Warning
Same min and max delay values on IO port  
The same output delay of 0.000 ns has been defined on port 'hbm_cattrip' for both max and min. Make sure this reflects the design intent.
set_output_delay 0.000 [get_ports hbm_cattrip]
/home/ubuntu/Tiara/vendor/corundum/fpga/mqnic/Alveo/fpga_25g/fpga_au50.xdc (Line: 67)
Related violations: <none>

XDCH-2#6 Warning
Same min and max delay values on IO port  
The same output delay of 0.000 ns has been defined on port 'msp_uart_txd' for both max and min. Make sure this reflects the design intent.
set_output_delay 0.000 [get_ports msp_uart_txd]
/home/ubuntu/Tiara/vendor/corundum/fpga/mqnic/Alveo/fpga_25g/fpga_au50.xdc (Line: 59)
Related violations: <none>

XDCH-2#7 Warning
Same min and max delay values on IO port  
The same output delay of 0.000 ns has been defined on port 'qsfp_led_act' for both max and min. Make sure this reflects the design intent.
set_output_delay 0.000 [get_ports {qsfp_led_act qsfp_led_stat_g qsfp_led_stat_y}]
/home/ubuntu/Tiara/vendor/corundum/fpga/mqnic/Alveo/fpga_25g/fpga_au50.xdc (Line: 37)
Related violations: <none>

XDCH-2#8 Warning
Same min and max delay values on IO port  
The same output delay of 0.000 ns has been defined on port 'qsfp_led_stat_g' for both max and min. Make sure this reflects the design intent.
set_output_delay 0.000 [get_ports {qsfp_led_act qsfp_led_stat_g qsfp_led_stat_y}]
/home/ubuntu/Tiara/vendor/corundum/fpga/mqnic/Alveo/fpga_25g/fpga_au50.xdc (Line: 37)
Related violations: <none>

XDCH-2#9 Warning
Same min and max delay values on IO port  
The same output delay of 0.000 ns has been defined on port 'qsfp_led_stat_y' for both max and min. Make sure this reflects the design intent.
set_output_delay 0.000 [get_ports {qsfp_led_act qsfp_led_stat_g qsfp_led_stat_y}]
/home/ubuntu/Tiara/vendor/corundum/fpga/mqnic/Alveo/fpga_25g/fpga_au50.xdc (Line: 37)
Related violations: <none>

CLKC-56#1 Advisory
MMCME4 with global clock driver has no LOC  
The MMCME4_ADV cell clk_mmcm_inst CLKIN1 or CLKIN2 pin is driven by global Clock buffer(s) clk_100mhz_1_bufg_inst and does not have a LOC constraint. It is recommended to LOC the MMCM and use the CLOCK_DEDICATED_ROUTE constraint on the net(s) driven by the global Clock buffer(s).
Related violations: <none>


